,Mean RGB,Red,Green,Blue,Orange,Black,Class,Mean Dist
0,"[120.77501333591194, 103.8379665801892, 121.74198950031068]",208.853495,228.5993793,207.6695079,191.2544206,200.4745349,Apple,"183.65042119898732,
 236.8613933499185,
 257.6993361970571,
 155.6698040005568,
 214.5706725909578"
1,"[182.19487936786945, 118.09794713286254, 87.43162373146697]",163.987803,244.0930867,274.2649447,123.0637111,234.0649226,Apple,
2,"[136.67675233706484, 97.26934935248605, 104.06396138451612]",185.1783608,233.2140666,225.6624663,171.5142561,197.4111674,Apple,
3,"[152.20733889608388, 137.12766730054472, 138.21959773037818]",220.1703557,236.9928649,235.8150409,174.4931383,247.1350407,Apple,
4,"[180.96916248999335, 77.22634673471342, 71.3113633037871]",128.5682078,263.5120872,269.1751505,135.1668955,209.2822423,Apple,
5,"[148.5199808361315, 121.19611339404989, 126.3457901489303]",204.914009,236.48451,230.8648703,170.9386839,229.5864571,Apple,
6,"[115.55147370777489, 77.55939826144572, 65.20593413802632]",172.3750724,221.5606555,235.3495077,177.0411369,153.6860995,Apple,
7,"[110.37807400019013, 63.86672617307738, 51.23000481441216]",166.1895712,226.5827906,240.3840445,183.7605887,137.429223,Apple,
8,"[132.82743795809432, 94.34999075000091, 91.27646163956258]",179.3305555,227.5586654,230.9771548,168.074243,186.7523533,Apple,
9,"[120.45729926817475, 84.43767571759807, 62.226686729471375]",170.597831,217.8844372,242.4896541,168.7133277,159.7242704,Apple,
10,"[131.09373634440246, 129.1374865481785, 39.77707918988759]",183.3343084,186.0353623,283.1659651,134.9855476,188.2664977,Apple,
11,"[114.50488116390595, 92.29451151717109, 83.9970563603663]",187.9166324,215.9628423,225.5474482,179.1102229,169.3669098,Apple,
12,"[119.80155994090767, 107.20824094221602, 73.05205569233244]",187.3734986,203.7925922,242.7984249,164.1801098,176.586023,Apple,
13,"[183.78945169982634, 120.81936353835364, 114.82893363290268]",181.2565717,254.8895638,260.8137439,142.1567966,248.1160316,Apple,
14,"[160.37563345868674, 59.671458158186105, 59.658369154663724]",126.7816023,259.6780778,259.6909307,153.6456751,181.2185083,Apple,
15,"[132.5608693037061, 133.59653953302097, 162.08977096066778]",243.1305615,242.0418933,209.8874225,205.5495364,248.3817894,Apple,
16,"[117.61039081350434, 80.27182725497279, 62.08439037444648]",170.8038129,219.5828088,239.7753172,172.9428793,155.3391187,Apple,
17,"[163.55201769773555, 145.31785686449584, 72.02940361658331]",186.1941137,209.6846919,285.210065,118.0608115,230.336226,Apple,
18,"[118.37567752754944, 63.449716745887656, 56.847507530662156]",161.0084195,232.2411487,239.380613,179.4722949,145.8434321,Apple,
19,"[150.74408065290925, 72.48694751714937, 73.83477343667411]",146.8850845,247.9644449,246.5744811,157.7324804,182.8379315,Apple,
20,"[125.7121683976259, 69.55696762701693, 73.68565091496554]",164.2653046,235.8436827,231.3365821,176.7888316,161.4660837,Apple,
21,"[129.65110246946222, 112.83568835337847, 50.52839244133951]",176.0606632,198.9301845,267.114094,144.8674565,179.149154,Apple,
22,"[179.27472936618895, 176.05149736853562, 149.88887374859863]",243.3004743,246.6555678,272.363557,168.2947613,292.5751746,Apple,
23,"[159.2445137644107, 62.78004606829972, 71.77048199856803]",135.1349304,259.7274108,250.7453003,157.3818103,185.6102137,Apple,
24,"[164.72213596142086, 155.77602924837973, 149.75447308329663]",234.185111,243.7317802,249.9523441,175.1044733,271.7093218,Apple,
25,"[186.7517757177666, 82.22050438764057, 79.00717138387986]",132.891552,266.4040408,269.462266,133.2381257,218.8117232,Apple,
26,"[150.92018217535153, 98.80885726021111, 80.45713493033153]",164.5270474,231.6158998,251.0085724,147.2658359,197.5182073,Apple,
27,"[156.24201333725904, 100.85030241237223, 94.80094031832161]",170.0327666,239.0834881,245.4507872,151.1804945,208.7332473,Apple,
28,"[117.92940020299999, 91.42450084073522, 64.7646995328726]",177.0346152,211.7988519,241.7752103,168.5116308,162.6660662,Apple,
29,"[145.50147220005232, 41.30723079214759, 51.4321059036565]",127.8337844,263.5916151,253.6076758,173.017601,159.7567753,Apple,
30,"[152.52384462865027, 121.28740550028141, 124.75703636040821]",201.9314618,238.1321046,234.3872597,167.2616856,231.3838284,Apple,
31,"[131.0747167084841, 86.36184008241494, 61.291046087409434]",163.0105383,222.2071166,249.3232994,159.0535393,168.5097656,Apple,
32,"[153.9944994528083, 114.74929934941105, 99.92190412028711]",182.6305006,231.0172111,246.8418996,150.7037856,216.4857836,Apple,
33,"[219.1689753316496, 206.23571515223733, 99.73411197695243]",231.8704932,245.6824949,338.6380161,113.7151688,317.0411693,Apple,
34,"[169.01591942072517, 129.0079552780921, 93.74700261484038]",181.1761991,230.7138419,266.8556964,132.2013234,232.3745555,Apple,
35,"[150.22057350778692, 116.35587094550286, 96.13332390849766]",183.7363135,225.8982762,247.6762608,150.2883744,212.9472361,Apple,
36,"[129.12894763618058, 81.28195832984062, 80.1978054428628]",169.9469522,230.833124,232.0276904,171.125452,172.3738085,Apple,
37,"[136.7947080357079, 138.4594195054331, 105.41738949976643]",210.37188,208.3442465,245.4765984,160.591779,221.3518218,Apple,
38,"[153.74160500090758, 87.73080132639986, 82.01080194477817]",157.085097,241.5393085,247.5044187,151.4911326,195.0870222,Apple,
39,"[169.76394417661285, 129.84192520106163, 122.14961831932368]",197.597166,243.7311422,251.6504445,153.0418397,246.1691523,Apple,
40,"[243.4699421057517, 223.55871755108126, 114.3315777635016]",251.3625909,270.8096686,359.2265551,128.9719943,349.7539458,Apple,
41,"[151.5636406918969, 114.17451871609175, 112.55935442641568]",190.7996578,235.526987,237.2692467,161.0959908,220.6285706,Apple,
42,"[114.97938027680273, 77.0657431731361, 53.877325429114286]",168.6643676,218.5946565,244.1510125,173.8993205,148.5333392,Apple,
43,"[99.1947767748416, 57.08684155250105, 47.07567654147934]",172.4827365,226.33016,237.3416009,195.2860381,123.7522951,Apple,
44,"[188.68274299180902, 100.5939816456943, 93.42949171938751]",152.4670379,261.0966601,268.0025295,131.4350931,233.3439448,Apple,
45,"[135.613972070729, 84.2538750966483, 81.89636244865771]",167.5074724,232.9214519,235.4882889,165.7708495,179.4348881,Apple,
46,"[214.51694465898757, 104.16865227857762, 97.12873282148375]",148.0674732,279.6455001,285.9929451,121.5455527,257.4929483,Apple,
47,"[223.2483103255896, 180.07036121243544, 150.63477415208843]",236.9057618,279.5444401,305.2167155,154.6807059,323.9691007,Apple,
48,"[164.72991705749274, 125.11929228641081, 120.8969500111768]",196.0091776,242.1177737,246.5246659,156.0616264,239.5972775,Apple,
49,"[153.53864304867065, 123.02619619578032, 148.58451525759958]",217.9614876,251.1345416,223.6823982,184.752714,246.5500315,Apple,
50,"[169.70509832446356, 158.0170353042091, 108.051142622754]",209.5701628,223.3395739,274.5235337,137.8369742,255.8207444,Apple,
51,"[148.26196009169502, 113.87486667889867, 78.76734322899871]",174.8278833,219.3221522,256.9183594,142.1656878,202.8629794,Apple,
52,"[129.6696477375601, 78.39120974139624, 53.59680103824341]",157.2434293,225.5604119,252.036997,161.4973586,160.7234158,Apple,
53,"[236.01021606662974, 205.42047770590125, 112.25980987011798]",234.8626183,266.0098044,343.9086458,120.8167696,332.416395,Apple,
54,"[207.1125815146274, 207.82129011692342, 118.83781999432132]",244.1420098,243.4006564,323.4585743,135.0899522,316.5560575,Apple,
55,"[95.48261216657278, 91.76563140361158, 58.60277471670559]",193.1347026,197.9814979,236.8749257,185.0496014,144.8176285,Apple,
56,"[181.7653692426145, 139.6304780600472, 126.77124240890875]",202.3139378,249.8393963,262.6365057,148.5862433,261.927982,Apple,
57,"[175.57411403006162, 98.55940078239739, 93.60461686597088]",157.4301469,253.1042372,258.0478535,139.5874238,222.0406479,Apple,
58,"[156.22501128459552, 112.38025121777964, 139.79541037359684]",204.7646845,253.5535518,224.2937192,179.0756631,237.8620015,Apple,
59,"[130.88418735189526, 99.90578018589007, 88.69871553496414]",182.3550438,221.4776505,234.0255384,165.8597436,187.0275315,Apple,
60,"[123.65371903943094, 112.01889432647818, 106.03979044380195]",202.5944604,216.7447254,223.6685471,176.9273304,197.6939859,Apple,
61,"[171.9651916535595, 72.93538042391845, 68.71072875638879]",130.1365182,259.6935061,263.8091913,141.7456801,199.0295483,Apple,
62,"[121.61187874466177, 64.9362091960855, 69.66053300967211]",163.8953691,236.1488587,230.9910785,180.7145345,154.4627793,Apple,
63,"[161.7061004481496, 120.12651426850147, 115.73059649923857]",191.1222177,240.2775292,244.8983648,155.2770182,232.320497,Apple,
64,"[191.2322675308403, 179.25068282568233, 122.6685378656462]",226.372925,239.4896853,293.6191467,138.9855239,289.3927394,Apple,
65,"[157.4999804104502, 96.25371937142795, 81.53481572950054]",159.4332415,238.0221662,253.3005971,144.4999346,201.7893667,Apple,
66,"[83.12011466939275, 65.07596867803197, 76.78643975498565]",199.1826649,221.0797333,207.1325861,213.1282814,130.5373222,Apple,
67,"[122.27814669166047, 124.80018366305742, 108.42898056523207]",212.0071226,208.951624,228.0572181,176.0339723,205.6304326,Apple,
68,"[220.48073894495346, 194.90244575515857, 172.82140483222463]",262.7656384,286.5147644,305.5356626,178.7539471,341.271091,Apple,
69,"[136.97292889903366, 50.738089746959986, 56.07034025212768]",140.1735578,252.2466933,246.7973795,173.5801161,156.4602827,Apple,
70,"[120.2396738467904, 101.29665016732316, 25.925341264701252]",170.56811,196.861429,277.837704,151.2963503,159.3446385,Apple,
71,"[212.99873913595815, 189.36047044932465, 118.65307177122571]",227.3764392,252.4986379,315.9372334,128.2033146,308.7141106,Apple,
72,"[155.94915476243366, 163.11636670223498, 64.91638280059298]",201.5741942,192.2937277,295.0574003,118.4430444,234.8216871,Apple,
73,"[111.95194980863238, 100.38822545213476, 70.54901269127326]",188.4614116,203.5072556,237.9773132,172.0888993,166.0969538,Apple,
74,"[216.26054671308037, 167.4525522911369, 137.01027005596913]",219.8019941,270.5642138,297.8767492,142.4028594,305.9097832,Apple,
75,"[114.99606715724832, 80.66175679786699, 84.64705052479897]",182.4076297,225.35093,220.7952487,184.0629339,163.9985903,Apple,
76,"[219.49318784013713, 142.4524725732497, 112.45813207487194]",184.9331558,271.0923033,297.9734058,120.0664656,284.8101085,Apple,
77,"[136.0909847269095, 84.00977651567744, 95.8003820156182]",174.2834176,238.6129205,225.6610667,172.8481513,186.4299114,Apple,
78,"[200.67488802415926, 103.74674867529463, 96.20846923339585]",151.5607971,269.0799626,276.1313977,126.3299178,245.5399521,Apple,
79,"[124.35881133737144, 100.11665685130815, 78.32156094886658]",182.2765264,213.5140062,238.1254496,165.5633876,177.8277983,Apple,
80,"[119.9425540605232, 120.57093236813824, 75.50111762374802]",196.1588188,195.3402397,247.271945,160.9809756,186.0752127,Apple,
81,"[199.10471895207067, 100.70340675816905, 82.34508463670511]",141.5845032,265.0110201,282.1233508,118.4864858,237.833089,Apple,
82,"[111.93888880459382, 43.26883469767468, 40.084517303002315]",154.7431489,242.8315666,246.1527404,192.0721913,126.5277654,Apple,
83,"[172.21113822598224, 150.74500490587602, 145.57667872742243]",225.323371,248.4317804,253.681288,168.0766787,271.2439898,Apple,
84,"[169.91435576815945, 136.0917292465108, 91.11925676664049]",184.5623054,226.5232529,272.4862291,127.9764585,235.9969619,Apple,
85,"[133.99449465096095, 78.71055161720828, 79.45266399826284]",164.7738119,235.2556482,234.4498725,168.5257459,174.5353871,Apple,
86,"[228.81628185590486, 204.53867858217973, 128.70483707896418]",243.07734,267.3353155,331.8786375,137.163513,332.8030904,Apple,
87,"[156.56239509229596, 98.77851023107246, 111.25770318688548]",178.3968404,247.5787025,234.3732611,162.6453943,215.979754,Apple,
88,"[149.1993989052396, 93.88171125300966, 90.84945348490191]",168.110577,237.6408778,240.8726598,156.5413728,198.31253,Apple,
89,"[220.8666298555617, 184.7733025377829, 60.14498997583501]",197.2908516,239.439506,347.6948611,71.92697873,294.1779416,Apple,
90,"[192.96478240718662, 103.6613951867239, 99.41260929458625]",156.4510146,264.6160378,268.6792293,132.2635987,240.549286,Apple,
91,"[150.3360009722333, 154.01406901266913, 103.51105598480322]",213.0479403,208.5991614,263.1922241,147.6136243,238.8216601,Apple,
92,"[90.68638158911425, 85.66567202508166, 56.10551714935728]",193.6114708,200.1148757,234.7799874,190.8945516,136.7861697,Apple,
93,"[207.30009293082148, 110.14887337058929, 90.35051695773541]",150.2373833,268.5486796,286.7325498,115.9618176,251.5339316,Apple,
94,"[223.42141852600767, 149.61968209230898, 108.51868971088658]",187.508832,269.8118746,306.2024719,114.0616807,289.9646281,Apple,
95,"[129.85831529745622, 76.65693379764808, 67.18193511362013]",161.400555,230.6140579,240.8632248,167.267304,165.0844631,Apple,
96,"[125.97523505195693, 77.15642800431407, 54.550489648466375]",159.9257961,224.6638642,249.0037759,165.3470261,157.4758081,Apple,
97,"[160.6240590682092, 90.76345398485175, 86.8342041357757]",157.1146136,245.5889053,249.6353898,148.1825293,203.9075083,Apple,
98,"[136.46548783071384, 94.99566918196786, 87.39653288867827]",175.2505683,227.7331096,236.0888153,163.0619234,187.8434468,Apple,
99,"[158.72012560673997, 92.69118302880784, 51.427014303134584]",143.1998863,232.7680565,274.2730285,130.9317266,190.8624413,Apple,
100,"[169.33262493962437, 138.17926029230463, 66.72745422513428]",175.7411741,216.2710712,288.4676712,111.8517071,228.5160804,Orange,"176.22351837226557,
 239.3933294163915,
 292.4997788450778,
 126.13520837802974,
 234.0243700434754"
101,"[132.65493047748018, 116.54943774182003, 18.564833124743615]",169.990413,192.640966,295.0977637,132.8925357,177.5549353,Orange,
102,"[126.37203480590209, 104.30215508837057, 30.529524554180654]",168.392829,199.0270924,277.913341,145.4697002,166.6759809,Orange,
103,"[163.61546409245878, 112.56035268236842, 32.30183303125551]",148.5408187,219.3227796,298.3862039,110.2018985,201.2045265,Orange,
104,"[171.95914621920855, 145.03285408039304, 120.79381266993899]",206.2073164,237.1789753,261.9461346,147.9378771,255.3343336,Orange,
105,"[205.76468387543488, 162.7497152139342, 67.77539382081349]",183.0439569,235.4627873,322.3036272,83.80145669,270.9613975,Orange,
106,"[230.22547458967242, 185.1947833300138, 153.54661705470875]",241.841784,285.3998967,312.3998493,156.8380375,332.982643,Orange,
107,"[129.51931322900762, 107.08026688996364, 96.44300332576776]",191.0833305,218.9903031,231.0449247,168.5270041,193.7593583,Orange,
108,"[142.14583994547053, 83.76123039348347, 32.41058617276862]",144.230549,224.89687,277.0693608,142.7804091,168.1422898,Orange,
109,"[228.81895999814483, 138.155563781256, 43.29745173214758]",147.1294532,260.5482835,340.9736723,57.27774383,270.7761909,Orange,
110,"[146.97941753384745, 126.14788186602529, 52.56022991574633]",174.1961885,202.40651,280.1751199,126.2557369,200.6958272,Orange,
111,"[204.4555971058465, 143.50294159728503, 83.89229776422512]",173.7404631,247.5310139,302.7755459,100.273515,263.5016187,Orange,
112,"[151.72082236083526, 129.76868098019133, 101.16050835887255]",194.2677213,221.2137872,252.0430671,148.7994719,223.813688,Orange,
113,"[223.97497454829835, 187.18975145571008, 156.05680044809085]",245.6751518,281.276988,308.2118574,160.6507462,330.9962496,Orange,
114,"[183.17610117650736, 108.31740215747243, 42.781090270538286]",136.8267289,238.5361403,300.5378667,101.0040149,217.0630446,Orange,
115,"[208.7812612860434, 178.91837008505223, 147.98039739059877]",236.7406872,266.9760804,295.0501543,155.6537531,312.2492534,Orange,
116,"[218.44212619399522, 180.96175816510763, 140.27271278174456]",231.8621789,269.9538066,305.9844291,145.8344603,316.4499239,Orange,
117,"[160.80763878237107, 128.0804584808186, 79.67614527221342]",177.8344536,219.8089053,270.1891089,128.7771004,220.481266,Orange,
118,"[95.12526427194898, 67.88241012281208, 17.369228860524302]",174.555558,210.6264429,264.8116706,187.8655037,118.1462129,Orange,
119,"[114.36669755053632, 63.538778062231586, 35.978838366877525]",158.4593919,225.901788,255.1219063,177.1061324,135.6885943,Orange,
120,"[181.85755160781358, 97.26493055130175, 37.693223337328355]",127.4011914,243.6663709,299.5911731,106.576904,209.6506973,Orange,
121,"[123.86883399868346, 57.68702568002598, 33.147536043586285]",147.0439892,235.3182038,260.5567054,172.6563532,140.6059747,Orange,
122,"[229.8526427832278, 182.2959345116122, 128.3194096063351]",224.3436386,273.1006946,319.5497099,131.8992411,320.2029294,Orange,
123,"[203.05809588596233, 146.61421376611085, 99.50099203396874]",184.6459761,250.7598779,294.8020683,113.7384981,269.4972456,Orange,
124,"[134.09606528469948, 109.41077358717907, 47.96470117993126]",169.9679128,203.6629326,269.8445609,141.4515326,179.5914382,Orange,
125,"[236.82664035259552, 182.35220196086647, 85.09887943345784]",202.0505279,261.9281952,343.8103749,88.73099343,310.774842,Orange,
126,"[212.85782226884095, 141.99606451018977, 33.91176138119987]",151.9501663,243.3687521,338.1587558,58.78053889,258.1111048,Orange,
127,"[240.16383997885936, 161.3225598293471, 74.6348290793769]",178.3688248,268.3737889,340.9328867,76.18394137,298.7875433,Orange,
128,"[223.29846054175562, 183.55161416226522, 96.6133379580179]",209.834029,253.5768353,329.605419,103.3599877,304.7745636,Orange,
129,"[160.9842361235988, 133.9655379955179, 105.0462495033219]",194.4747895,227.1562894,257.582641,144.3496319,234.3019509,Orange,
130,"[203.09025427196133, 93.64119286560268, 55.26735471442654]",120.4897307,265.2108529,299.845717,104.1209948,230.3666748,Orange,
131,"[223.2859758405188, 141.75271680707877, 32.82422712768351]",148.9195821,252.5054535,345.4164643,51.22153249,266.5105807,Orange,
132,"[234.12667034766173, 170.5576730138379, 122.52374179595681]",211.0395295,277.4128181,318.5202923,124.4132265,314.5111841,Orange,
133,"[234.184587670463, 143.58341496054263, 103.58933685333292]",178.2701017,279.2612168,313.6619312,107.808637,293.5802597,Orange,
134,"[129.0743249415148, 67.4674065715472, 59.3686293921966]",154.7053999,235.2727972,243.8927335,169.9838715,157.2789448,Orange,
135,"[231.0358369840331, 138.13523174843937, 38.72847963847545]",145.4493675,261.791572,345.3002617,52.87619519,271.953664,Orange,
136,"[183.68138857473483, 119.83616886068656, 13.306531325976751]",140.0861002,228.4407528,326.3668069,85.45864353,219.7194203,Orange,
137,"[189.80037465089728, 162.08651306917275, 107.56636110458594]",205.1671292,237.1236393,289.8842835,125.8173342,271.7843667,Orange,
138,"[159.9607301314298, 71.61726480694163, 20.064767412682297]",120.681773,244.1705503,293.1058364,134.7419494,176.4059599,Orange,
139,"[191.86219291626378, 123.42065517529696, 33.98433883253248]",142.7374376,235.1152065,317.6345096,82.88642763,230.6484218,Orange,
140,"[201.71255069310772, 139.22872584087116, 95.45627599326036]",177.0200299,251.4017535,292.4496385,112.319239,263.0294505,Orange,
141,"[199.6231256554772, 121.06823728306259, 20.97131345486514]",134.7735593,241.3025183,330.569715,73.73190609,234.407138,Orange,
142,"[124.81045164753687, 90.24678279893556, 108.91114423384559]",192.2379714,233.6298542,212.2830291,185.4696722,188.636603,Orange,
143,"[138.00440951278657, 121.5918007088716, 18.65928997131748]",169.7666142,192.8500293,299.4774019,126.1761034,184.8727999,Orange,
144,"[139.90820278461015, 98.36925310893777, 68.45356793451784]",166.1581256,220.8922521,253.0817782,149.5716189,184.2191796,Orange,
145,"[235.50180716012153, 178.82861948242112, 116.96571395768495]",214.571277,273.7593078,326.3345529,119.3833677,317.9964694,Orange,
146,"[128.18249155696637, 90.45679368717131, 58.01079287140466]",166.2238372,216.495889,251.8291691,158.1284988,167.2675544,Orange,
147,"[231.05681774282857, 191.70763437266424, 118.17400021183292]",226.4733701,267.1296893,329.9400314,123.4976438,322.6517696,Orange,
148,"[229.1242108253093, 200.6905967490138, 138.817279072195]",245.3905236,273.3452985,325.9954666,145.6489345,334.7310212,Orange,
149,"[159.22122328208226, 119.56144350428285, 87.06882133049938]",176.2086618,226.4420018,260.4749844,137.1831481,217.3184676,Orange,
150,"[163.61407107003262, 101.31447407594503, 35.066464775152305]",140.8746521,227.1969676,292.2412476,116.7771004,195.6114615,Orange,
151,"[106.0387852266852, 71.35418381049014, 47.05005668960492]",171.7398349,217.2181337,244.0877351,182.1337153,136.1960034,Orange,
152,"[189.61348438224223, 127.17611280077175, 97.25439361502998]",172.9380732,248.4967539,277.5080422,123.1440618,248.1641678,Orange,
153,"[85.35333805577382, 82.48621235371925, 43.533460282139735]",193.5952667,197.3356567,242.5020927,193.6070175,126.429149,Orange,
154,"[197.93523924947817, 148.2639294557839, 125.33564488688796]",202.3551422,257.4489689,279.2371693,138.7281761,277.2536304,Orange,
155,"[206.81143116808698, 179.5942506450775, 154.87706982373868]",241.9982227,269.1540486,291.6327555,162.8558782,314.661675,Orange,
156,"[184.75877101965128, 123.65233167457698, 62.164056429291364]",155.2034126,235.0582552,294.2981545,102.5077062,230.8464262,Orange,
157,"[114.48614210398543, 96.0030670766085, 89.72101643887011]",192.3813763,215.4923716,222.8021724,180.428883,174.280023,Orange,
158,"[160.63715037199665, 105.94025376767105, 68.45242605614756]",157.5227583,229.5840514,268.00677,130.6833411,204.2385029,Orange,
159,"[187.8538580662169, 136.627222999282, 87.76042865204487]",175.7199342,238.7531762,286.2256877,114.0855455,248.310215,Orange,
160,"[246.72752908196915, 196.77810819280455, 122.07665218977942]",231.7169969,281.3662583,342.4393579,126.4159442,338.3767227,Orange,
161,"[216.19554536340155, 132.65558023916603, 94.74660581222561]",167.5715011,265.8676178,300.0319436,107.3725594,270.7673099,Orange,
162,"[110.43874393185303, 80.95681918104225, 21.524094224488532]",167.0785742,207.2463066,270.6690254,168.5956691,138.6146073,Orange,
163,"[176.69442626600554, 125.96397881029024, 50.168719118444535]",156.574542,224.4729726,298.4019066,100.8586843,222.7212262,Orange,
164,"[218.5820984824471, 167.3776349298732, 64.92848436553247]",183.186365,244.2775485,334.5453445,74.482379,282.8588244,Orange,
165,"[221.39137075908087, 162.4846144995272, 98.25716206381537]",192.8347993,259.2830606,316.2020023,103.876547,291.6673771,Orange,
166,"[228.04825339426077, 141.25909938333996, 52.284723912835084]",153.0170649,260.1474403,336.234475,63.43279406,273.3017223,Orange,
167,"[182.43454521748262, 149.13840417753687, 123.05764497782887]",206.5216522,244.1971022,270.0618669,143.7376758,265.8341793,Orange,
168,"[170.5604187349916, 107.22831413573698, 60.27349691410294]",149.2006993,233.5812964,280.1913253,118.7455473,210.2894724,Orange,
169,"[203.34335307797662, 161.4598231466041, 125.4527986493174]",210.8935474,256.5866104,290.1728297,135.7178939,288.3681647,Orange,
170,"[177.59915520669884, 143.1611422354192, 104.11982395456364]",193.2018146,234.2868493,273.4984462,131.5627767,250.753884,Orange,
171,"[206.15412303634744, 146.37679230872303, 105.20683725865122]",186.7633894,255.6697133,293.87698,117.478603,273.8506279,Orange,
172,"[218.33397052035866, 112.83299280306396, 26.341894630247566]",121.5301501,261.8684327,335.6866636,68.99050493,247.1738303,Orange,
173,"[174.28048046557078, 116.72649134270809, 73.42074706581388]",159.7852331,234.2730355,277.4342891,119.3171344,222.2371835,Orange,
174,"[222.66978506252536, 160.04833018297992, 79.1167359532151]",181.4391598,254.6705925,325.7794096,85.61086228,285.4063053,Orange,
175,"[227.27259019631, 200.38718933809537, 153.29310575475202]",253.8160972,279.5248927,319.612497,159.7492995,339.5683027,Orange,
176,"[166.7164013217511, 130.52436512195374, 45.143279090220986]",163.9161961,212.9001122,298.112079,104.9784685,216.4922262,Orange,
177,"[180.98434203476617, 144.6705625932979, 56.452584901995614]",172.031345,219.3508859,305.1327249,95.28115234,238.4780872,Orange,
178,"[159.16779595998077, 109.84787930835336, 66.64670592279629]",160.2877142,225.4890437,269.9590844,129.1020959,204.5549493,Orange,
179,"[205.5697244037599, 116.07759174090455, 19.551078629560056]",127.669903,248.8786688,333.4203255,72.24263873,236.8863938,Orange,
180,"[212.94874749273424, 158.43939325720265, 66.7753628792746]",177.0036674,243.1667513,325.3901111,79.18521633,273.6953772,Orange,
181,"[133.96156315649625, 109.11723062884428, 48.093591320828445]",169.9113496,203.8148089,269.5598864,141.7257233,179.3467701,Orange,
182,"[209.18951538109425, 171.28033847183232, 152.60610536958487]",233.9319949,272.1357354,289.1050282,159.457413,310.4606756,Orange,
183,"[231.1161086655124, 185.46941497928913, 153.40462672315078]",241.872536,285.9757637,313.2653499,156.5963496,333.6862884,Orange,
184,"[177.95731759028953, 104.46512960820712, 6.020811028011339]",129.9414806,233.1647577,323.3765711,98.16463524,206.4413242,Orange,
185,"[166.04993476494272, 130.59450239035237, 78.98725964865234]",176.6522724,222.0096751,274.9690704,123.8339193,225.5360106,Orange,
186,"[209.68698723553277, 112.13384723092055, 45.75885376389235]",129.310253,257.8240542,316.7404136,83.31849694,242.1497574,Orange,
187,"[106.47897297370743, 97.74583599747449, 55.31964268625194]",186.2068924,197.805224,246.5040877,172.1681762,154.7652513,Orange,
188,"[159.54612022037338, 103.47316486339433, 53.35621745104963]",150.5490782,226.4116432,277.1675944,125.4746211,197.5058132,Orange,
189,"[112.88124505581501, 102.33757582555684, 28.514226838643097]",177.4366959,191.9923237,272.9669584,157.9157403,155.010374,Orange,
190,"[190.75366135881634, 91.65455430279154, 33.406277388981614]",116.808085,253.3469426,306.416864,103.068549,214.2510117,Orange,
191,"[167.5338402812718, 110.47398327046288, 53.78017136602833]",150.8215399,227.7008212,284.1856929,116.2571393,207.760428,Orange,
192,"[120.50478456724493, 75.30588816105787, 50.11659120485717]",162.0852013,222.0879322,249.3383065,169.2503158,150.6786402,Orange,
193,"[111.45879731592709, 58.544615727160675, 19.65102749988244]",156.2616773,226.7243798,266.907614,179.7859521,127.423304,Orange,
194,"[162.97670033517736, 109.92570843395694, 38.81817751461447]",148.5220521,221.6186044,292.1979579,114.0540055,200.3794329,Orange,
195,"[219.15145783189266, 180.15914597594445, 151.24257395800507]",237.9427495,276.5914516,302.0766174,156.1705281,321.4949386,Orange,
196,"[208.7201764807708, 85.19802116275653, 12.933988873498633]",97.81519792,269.3772673,330.7850792,93.15291707,225.8098823,Orange,
197,"[82.52380133692448, 78.65971441867913, 22.162696214018233]",190.8574727,195.952186,259.2503394,194.1490899,116.1409211,Orange,
198,"[136.37684111010475, 91.54400677111704, 58.16913371225186]",160.7339638,220.6811107,256.3617325,151.1650915,174.2486616,Orange,
199,"[111.18315730859828, 92.29405026791582, 48.048510094206925]",177.5109441,202.8388027,252.4060327,168.1609309,152.2778563,Orange,
200,"[117.06475114547189, 119.27880139639942, 130.38747196624897]",224.1750615,221.6422626,208.470311,195.2369169,211.9728314,Clock,"216.90015530847035,
 232.7585115720062,
 241.15963943447477,
 179.49398677123304,
 228.130332447708"
201,"[174.6103210337115, 173.9684292863898, 149.03149796587886]",242.7712962,243.4445872,268.2966679,169.5680412,288.0350083,Clock,
202,"[85.0929396268227, 77.49678659222366, 103.87605727819901]",213.6922937,222.5723128,189.960539,217.521164,155.0380456,Clock,
203,"[183.7935569044086, 165.99998096330495, 131.43347116588635]",223.3855603,242.8494025,276.7756353,149.4861694,280.3762161,Clock,
204,"[190.1666472222242, 164.24844946334872, 154.34967746935814]",234.5308929,261.1953686,270.6868935,167.4149079,294.8978294,Clock,
205,"[125.54902712696939, 133.42535890987645, 173.02023741788514]",253.9603972,245.924692,200.7126456,218.3815809,251.9938237,Clock,
206,"[182.14791150100834, 103.04834949525612, 87.86058494159532]",153.7721416,252.9558225,267.829065,129.8649921,226.9720388,Clock,
207,"[105.76405781774267, 121.39284400510347, 115.60388359265329]",224.4367325,205.915434,212.9636959,193.7452152,198.2082652,Clock,
208,"[133.89870856453211, 117.2045115826439, 105.48671529137509]",198.8211946,219.1892057,232.4219955,167.5630586,206.8651947,Clock,
209,"[149.0798850992875, 153.86075619119174, 160.37165128672504]",246.1935612,241.1908483,234.2060392,192.5155059,267.6135478,Clock,
210,"[106.53030799004323, 120.73537808871245, 125.32523425300614]",228.7502903,212.3254802,206.7396501,199.2712236,204.0395853,Clock,
211,"[113.31843556775141, 96.43712145274719, 90.12807401550246]",193.6410437,214.723832,222.0899327,181.3769658,173.9662495,Clock,
212,"[113.01086720717639, 113.01086720717639, 113.01086720717639]",213.7845318,213.7845318,213.7845318,188.772985,195.7405638,Clock,
213,"[181.20379246677086, 176.29914466041186, 165.65075498799106]",252.9178548,257.8154605,268.1408033,181.6967901,302.2521719,Clock,
214,"[89.77383818072474, 105.9045974378781, 120.4555069179521]",230.2715733,211.6561131,193.3322177,212.841444,183.8060253,Clock,
215,"[152.5094752737787, 112.3766121501886, 73.59739524501546]",168.9656391,221.3981648,262.287148,136.7117595,203.2343957,Clock,
216,"[115.73251617680528, 130.22287587676195, 121.16263600450169]",225.9066485,208.9108192,219.691722,187.8437243,212.2083812,Clock,
217,"[124.12011336985107, 97.86721834908131, 84.21811546700575]",183.8483835,217.2307634,232.7020564,169.4964485,179.0990953,Clock,
218,"[134.95782148118295, 117.46507016270486, 123.42027359416686]",208.4244018,228.8275212,222.0920545,178.6120324,217.357356,Clock,
219,"[140.3837534685618, 96.73345724113655, 46.600195731443314]",157.0535704,216.627503,269.2497696,141.3109446,176.7386156,Clock,
220,"[156.45636454407529, 152.87482264540802, 154.5714090301632]",238.6920191,242.4880746,240.6973354,183.7122438,267.8462729,Clock,
221,"[146.1587520923493, 145.43275986776442, 146.42635769188763]",233.3190586,234.1111684,233.0264025,183.4937938,252.8907801,Clock,
222,"[96.76074535564058, 57.40503070251514, 59.16368739100867]",178.4246092,227.8305415,225.8535825,200.2914902,127.1153858,Clock,
223,"[72.299237248235, 73.057131871108, 84.4811903035804]",214.1354355,213.2309979,199.100951,221.2919592,133.047344,Clock,
224,"[138.63192037640272, 141.32289213144233, 143.67532227858987]",232.7150361,229.7474536,227.12145,186.3993928,244.6090093,Clock,
225,"[161.2482250001784, 111.4864209561386, 57.98491879548555]",156.7828695,223.5159687,277.9301249,122.5371342,204.4320497,Clock,
226,"[167.6046815521265, 128.77526774512077, 84.90703933533817]",177.285692,226.3475594,271.3042833,127.1195431,227.7797273,Clock,
227,"[113.98698656695704, 114.33909920486467, 110.41602270682311]",212.4848174,212.0618311,216.7279151,186.1260189,195.5969345,Clock,
228,"[84.25355557499434, 113.5325749966828, 195.84824889529034]",283.549873,255.8676036,153.2554628,264.8769162,241.5467735,Clock,
229,"[129.48399076532604, 99.64292057348601, 79.42723638521812]",178.8621427,217.280031,239.8345488,162.2790876,181.6686582,Clock,
230,"[146.16785312380503, 119.19154282270414, 37.5046305350535]",165.7035226,203.0161955,287.8817481,123.8928902,192.2973283,Clock,
231,"[134.75856757933914, 132.25579930722046, 130.37207858559483]",221.2385079,224.104639,226.2378986,180.3526091,229.4522758,Clock,
232,"[145.88850486881844, 142.4569379186603, 175.14457227984855]",250.7487163,254.2145115,218.9847583,207.5792119,268.7992861,Clock,
233,"[160.87449403191235, 141.65880964129317, 120.52939994809805]",208.4566273,230.7686385,253.0418216,154.6989279,245.9169726,Clock,
234,"[185.20625027668876, 131.44027365014793, 132.91675115600108]",199.535901,259.2975585,257.8414636,153.8320041,263.1439975,Clock,
235,"[211.94973942926342, 197.0456321087318, 175.55400676499136]",267.3939329,281.2483068,300.1022143,183.5741179,338.4802542,Clock,
236,"[159.02736483818566, 98.73164307429978, 84.33405428980785]",161.4649087,238.3731001,253.307136,143.9252394,205.304342,Clock,
237,"[171.9086065802252, 152.56055928536352, 135.4773988216223]",220.3021323,241.6620235,259.0616634,159.4146949,266.7984611,Clock,
238,"[143.321368778809, 135.17202686116764, 135.57704473392536]",221.6409903,230.826543,230.3786749,178.1655402,239.1518903,Clock,
239,"[129.04960851676285, 123.79718189890163, 105.57064664825819]",205.7532619,212.163009,233.042218,169.4294389,207.6648866,Clock,
240,"[161.9891036608206, 146.623130897811, 155.00097378823207]",232.75453,249.0207167,240.2886128,181.6976555,267.8882493,Clock,
241,"[153.43007660781083, 146.25827650968287, 141.83884575369126]",227.6536645,235.5500138,240.2867426,175.4592822,255.050054,Clock,
242,"[90.6329909367009, 90.32999096700091, 90.5559909444009]",208.2700373,208.6406921,208.3642926,201.9715609,156.7617103,Clock,
243,"[174.35837414055462, 181.610252931046, 186.78318461363602]",272.7147115,265.8474293,260.83838,204.1247912,313.4821919,Clock,
244,"[166.57729251232004, 106.09135481010495, 49.22690268806198]",146.6193668,228.7904433,285.2120922,117.0986406,203.5353972,Clock,
245,"[114.70716264963396, 95.03702603738125, 88.09721202578565]",190.9849086,215.6548283,223.7103263,179.8277418,173.0632493,Clock,
246,"[139.93465578710354, 127.8705869509313, 108.93465968157543]",203.6115923,218.1979735,239.3066621,162.7433158,218.630636,Clock,
247,"[93.19958737907386, 104.50502978779942, 108.65926323999362]",221.1504245,207.7058849,202.5415404,204.0731497,177.2407962,Clock,
248,"[115.20174175419498, 92.6271828259668, 85.75876252645148]",188.3558158,216.7739339,224.7083282,179.2650078,170.8970499,Clock,
249,"[130.5352155455537, 130.5352155455537, 130.5352155455537]",222.6440378,222.6440378,222.6440378,183.6266496,226.0936255,Clock,
250,"[126.8114272445522, 128.10274066708257, 124.28176649557558]",219.7466264,218.2430067,222.6627648,182.3175126,218.9461297,Clock,
251,"[97.52815920239847, 115.94767445194422, 127.6317779042477]",233.5189812,212.4550819,197.9350122,208.5506701,198.1047091,Clock,
252,"[132.7031618068826, 127.38224234586612, 119.85212268870508]",213.4180958,219.6837557,228.2571216,175.3172657,219.5470249,Clock,
253,"[115.54767792058232, 98.18189791721751, 86.39625502495035]",191.1830225,213.0903468,226.755758,177.1324978,174.5143657,Clock,
254,"[174.42888156891544, 148.79189031307627, 117.85316556610803]",206.2040261,235.7858476,267.1585962,143.6794229,257.7864038,Clock,
255,"[122.95680738763129, 130.94844972862816, 130.28549717472185]",227.0621324,217.9024423,218.6768853,188.5980476,221.9012928,Clock,
256,"[92.43167401666594, 59.60791489030546, 44.893064862072784]",178.8769169,220.7647358,237.1532038,198.8751857,118.7943818,Clock,
257,"[79.75026861817219, 89.19532861317107, 106.86236327831706]",223.8031271,212.7694975,190.4223501,218.8112914,160.422806,Clock,
258,"[200.32374278717074, 158.10216324889055, 195.62225078963826]",257.3982365,296.2884704,262.0145283,203.2366558,321.5493134,Clock,
259,"[132.2238428654366, 107.76137965665153, 100.78014734850572]",191.9456637,222.0788014,229.955262,168.8398132,198.1219263,Clock,
260,"[144.17138497247618, 80.52027580930266, 52.6135849276283]",146.7470137,232.3720115,261.2071287,148.9563528,173.3121242,Clock,
261,"[158.95449384594357, 156.16878046468167, 156.17202721687428]",240.8383884,243.7700621,243.7666657,183.554983,272.1119644,Clock,
262,"[134.5187825436324, 106.22555249994066, 87.64982946833196]",182.9811039,218.8872579,239.5521873,160.1644531,192.5140604,Clock,
263,"[135.45891833070655, 106.67452703546951, 140.92401017207288]",213.3754943,245.3755104,206.7411539,193.7821138,222.6839687,Clock,
264,"[210.39091764184943, 203.23728350654548, 199.4389301181166]",288.2208363,294.4819246,297.7528575,207.9133159,354.0418315,Clock,
265,"[205.9876397909085, 202.83799245809993, 200.2024295418258]",289.1824259,291.9465629,294.2395838,209.5589128,351.6463731,Clock,
266,"[182.46000203244472, 159.45189345864503, 153.0637134341004]",232.6272942,256.6117561,262.8831778,169.4736946,286.6095934,Clock,
267,"[140.850401471775, 140.850401471775, 140.850401471775]",229.5817981,229.5817981,229.5817981,182.8993427,243.9600516,Clock,
268,"[198.73079718333878, 198.54433104596527, 193.5834295363264]",282.949852,283.1178491,287.5513454,204.3672907,341.1573322,Clock,
269,"[136.04169668003243, 136.85773937350382, 143.39142851428574]",231.1757352,230.2738343,222.9211908,188.4254933,240.4131565,Clock,
270,"[149.4696637850426, 117.09480517146581, 104.07496096196682]",188.8900282,228.4526661,242.5504921,155.766354,216.5270683,Clock,
271,"[195.5717760350162, 189.40206404672793, 179.88248304406227]",267.8853549,273.6952986,282.4253933,191.0101627,326.3114603,Clock,
272,"[85.43698434254516, 85.5537473348269, 56.11906865675507]",198.0414346,197.8910324,232.7499663,195.4806211,133.2976813,Clock,
273,"[132.10920519947845, 121.4037954505215, 112.6993875050714]",206.2575597,219.0934502,229.0004104,172.3482766,211.8793893,Clock,
274,"[116.92526187634485, 93.71537431699184, 88.90438583468288]",189.0798628,218.1472832,223.7003382,179.0254758,174.2356969,Clock,
275,"[121.23837148675166, 123.990204891173, 116.92052360384797]",216.6475317,213.3839684,221.6715034,182.3304292,209.1476093,Clock,
276,"[180.9424496922124, 177.24370530923585, 167.15061013068933]",254.635383,258.3128683,268.091433,183.2314262,303.4712962,Clock,
277,"[116.41740764508964, 108.60632255584586, 92.88121121253268]",199.0662895,208.8325669,227.2242236,176.1030981,184.3238061,Clock,
278,"[185.19552866562896, 173.18733335042936, 150.69904558559185]",239.951493,252.3903695,274.1713431,166.2825877,294.9600627,Clock,
279,"[98.58195842224421, 98.58195842224421, 98.58195842224421]",209.5314029,209.5314029,209.5314029,196.4595696,170.7489607,Clock,
280,"[151.08304734810707, 157.305268899108, 158.61055462669313]",246.3757064,239.8492354,238.4574595,189.7768426,269.6819291,Clock,
281,"[163.46879797621642, 160.1070519639239, 161.17773792331207]",244.9295659,248.4048766,247.3033216,185.4188909,279.8831528,Clock,
282,"[184.07197395739902, 145.0305576892941, 101.74851067568929]",190.8334535,237.336321,280.0042379,125.6277156,255.4782059,Clock,
283,"[227.7107341983486, 225.8507344845024, 228.47073408142555]",322.4160893,323.8838287,321.8144414,238.0050257,393.77609,Clock,
284,"[237.4611432513753, 220.77791602827392, 175.35866842256704]",282.4909951,297.1693258,333.876361,184.8498039,368.6208694,Clock,
285,"[213.53017268051374, 175.50467442890277, 96.59596018846172]",204.5786324,247.4781222,318.5731709,105.6450391,292.7931094,Clock,
286,"[118.83468712371781, 76.21921732482798, 81.31652036148648]",175.9623198,229.5574603,223.8235981,181.7564202,162.9215407,Clock,
287,"[124.19060636820296, 121.79240301473024, 105.47104735817891]",207.5298261,210.4559632,229.3809142,173.4996707,203.4228059,Clock,
288,"[148.26678921749854, 121.37227286739682, 105.40329830369201]",192.9587059,225.7194399,243.0914284,156.2216763,218.687276,Clock,
289,"[207.67371251011772, 195.41641970604513, 179.61005575463452]",269.605502,280.9596876,294.9569319,188.2145271,337.0099703,Clock,
290,"[90.8086695454961, 52.41912698036223, 27.63214717631685]",174.5568487,223.7158022,250.3799509,200.989506,108.432075,Clock,
291,"[95.51169503771516, 117.35896127547812, 113.51280785810393]",228.2428592,202.3677271,207.1575131,201.47294,189.1580483,Clock,
292,"[114.01904573530133, 139.21061793273643, 145.20259325951923]",245.6400185,217.9250258,210.7970812,204.0208685,231.2222568,Clock,
293,"[159.61179750930407, 158.16454027800208, 153.82382343630556]",240.3678423,241.8983274,246.4316668,181.1281351,272.3117999,Clock,
294,"[163.4722674974287, 133.4064511078001, 84.6524151671576]",182.5941905,220.6223125,271.1803147,128.6138,227.3466402,Clock,
295,"[116.24895493295921, 120.87188833968096, 114.96796332975586]",216.978106,211.4752999,218.4783838,185.5175877,203.3260079,Clock,
296,"[117.70361945989995, 79.33365266598109, 40.21491263837952]",163.5890087,215.2441563,257.4501976,166.7520866,147.5303687,Clock,
297,"[81.60779180847327, 83.94473630067863, 56.368357923254834]",200.7211209,197.7299337,230.5668659,199.5299612,129.9382246,Clock,
298,"[135.52283884918185, 121.98326399294716, 128.90745497129822]",213.9435455,229.5147574,221.6882641,180.9485108,223.3013401,Clock,
299,"[101.61259024357173, 101.74211181538952, 105.84479511729346]",212.3258709,212.1702605,207.1807205,196.8054332,178.548863,Clock,
300,"[90.6947934162606, 93.32206580232912, 103.52076577652393]",215.4570904,212.3248664,199.7010564,207.0035654,166.2862065,Telephone,"228.62903329696513,
 230.72508372210632,
 233.52274961384074,
 188.3947497916666,
 233.23078350180631"
301,"[140.73425167489992, 167.92805515204245, 187.93704416213345]",276.7251805,250.415626,229.136207,219.967196,288.6629416,Telephone,
302,"[171.47670763131944, 171.47670763131944, 171.47670763131944]",256.4852099,256.4852099,256.4852099,190.8464026,297.0063699,Telephone,
303,"[115.09612172454318, 113.82234965283703, 98.90803564179356]",205.6974039,207.2704651,224.8718432,178.8156776,189.6982974,Telephone,
304,"[115.90232985491323, 117.24048512830288, 118.85892968192954]",217.3037928,215.7277895,213.8061562,189.094099,203.2390872,Telephone,
305,"[101.54445636912487, 106.5157997514032, 135.90512491056077]",231.0074078,225.4529603,189.3158247,213.164745,200.317486,Telephone,
306,"[105.08672128995902, 112.97830191603292, 124.3469229149333]",225.1671492,216.0452243,202.1819533,201.5996167,198.1652667,Telephone,
307,"[138.5418582717381, 95.03742906035183, 66.52216093377724]",164.3770349,221.8266632,252.4873368,151.269488,180.6963124,Telephone,
308,"[165.31677471621236, 164.34263699512135, 163.536602686077]",248.5876177,249.5848831,250.4070514,186.5147003,284.7496422,Telephone,
309,"[124.12137363757745, 121.41561287744592, 116.67693072491139]",213.2708889,216.4818931,221.9935538,180.6718567,209.1921906,Telephone,
310,"[146.66812854974697, 147.43046021738562, 147.61655883036798]",235.0791003,234.2507081,234.0480377,183.9432835,255.0253497,Telephone,
311,"[143.03527007810587, 148.58316830534986, 150.05879830944568]",239.0202954,233.0263365,231.4059252,187.9448218,255.0562474,Telephone,
312,"[105.35605568118875, 103.02161347394119, 103.64224565020872]",209.1613683,211.9883099,211.2404344,192.292344,180.1528973,Telephone,
313,"[100.07455065496164, 102.4722557414425, 101.84319276420788]",211.8360072,208.9298073,209.6961766,195.66208,175.7484418,Telephone,
314,"[152.86352282924807, 155.8803446952627, 153.63922361883672]",241.5275406,238.3211567,240.7071778,184.7161041,266.9661954,Telephone,
315,"[104.76460317195767, 104.76460317195767, 104.76460317195767]",211.0021768,211.0021768,211.0021768,192.8071564,181.4576155,Telephone,
316,"[122.2257234653501, 125.87124517327516, 129.10818486787596]",223.9229829,219.7323058,215.9431568,189.2854758,217.8339304,Telephone,
317,"[221.60539590968116, 210.52872036282423, 188.01754185023293]",284.2325416,294.0021127,312.9184291,196.3126588,358.8619367,Telephone,
318,"[106.06589934631843, 99.4485370661516, 97.3810132827953]",203.8490609,211.9653141,214.4381764,189.6349714,174.9944236,Telephone,
319,"[207.21807160961146, 206.3823777953604, 205.6684969777629]",295.2563788,295.9772509,296.5916591,215.163065,357.5367753,Telephone,
320,"[184.85028095306578, 171.25746793837646, 155.50397649660914]",241.726271,255.6636946,270.9210316,170.7091846,296.1084825,Telephone,
321,"[116.88303466920229, 114.16522380201462, 120.34011584333521]",215.8511939,219.0384018,211.7277179,190.1110572,202.9213779,Telephone,
322,"[105.17644112704731, 104.61341607467338, 104.97756163093513]",210.7400153,211.4201902,210.9805266,192.6497515,181.7315026,Telephone,
323,"[131.09161204516164, 131.09161204516164, 131.09161204516164]",222.987242,222.987242,222.987242,183.5431233,227.0573325,Telephone,
324,"[138.85064189196348, 135.3097744389733, 134.3753648460782]",223.2849012,227.2927397,228.3386485,180.0803197,235.8918703,Telephone,
325,"[142.52927792504067, 142.08605456299367, 142.3113292470093]",230.4140288,230.9040246,230.6551072,182.8311425,246.4864223,Telephone,
326,"[114.4242776777051, 114.73268883501144, 111.42240907992354]",212.9320944,212.5624312,216.497182,186.2881894,196.6505999,Telephone,
327,"[148.2277949367159, 152.37746326126316, 154.49666827858698]",241.8437834,237.4280623,235.1410007,188.2255368,262.7919158,Telephone,
328,"[196.11893170363248, 196.07927653805578, 198.4930692253329]",285.1553286,285.190788,283.0242945,209.361888,341.0413708,Telephone,
329,"[151.68456969121033, 138.1421579280576, 73.82077971077901]",187.634862,205.2156706,273.7103841,129.7880169,218.0389231,Telephone,
330,"[132.17371652890336, 139.38438585712916, 134.77563135764277]",229.5185695,221.3624457,226.6093493,184.138335,234.6537218,Telephone,
331,"[113.77262222317519, 113.92604178816234, 116.90755694869559]",215.8510878,215.6697664,212.1152408,190.318413,198.9741929,Telephone,
332,"[117.3236150813421, 96.92384132991698, 80.16908396762777]",186.4835114,212.5558388,231.7863475,173.2519332,172.0062316,Telephone,
333,"[56.73546533096861, 68.59479073474148, 81.00916192520461]",224.8923194,211.0172964,195.4404515,234.8728899,120.3604697,Telephone,
334,"[149.37207258931977, 140.50203276305982, 143.27494620041776]",226.7725523,236.5364893,233.527996,179.6806046,250.1610431,Telephone,
335,"[134.9604337301317, 135.36973596052653, 133.99531767550752]",225.1426393,224.6785791,226.2331037,182.3244229,233.4395623,Telephone,
336,"[98.36271559491828, 103.18035038273042, 95.3997900401012]",210.4341786,204.5129575,213.9944755,193.5407654,171.5299637,Telephone,
337,"[119.30720133529934, 120.19199382611463, 127.93085592459971]",221.8669757,220.8477093,211.7236195,191.7983236,212.2419081,Telephone,
338,"[177.67230056497382, 179.62660840383703, 192.96081031843207]",274.7347191,272.9147648,260.1576943,208.3923825,317.9104263,Telephone,
339,"[176.5028158376682, 177.25423618547782, 186.85792800313524]",269.252219,268.5396303,259.2598122,203.0464466,312.2309938,Telephone,
340,"[201.12496692023572, 207.46542640371277, 198.27957265138608]",291.9918,286.4010771,294.466233,209.8109162,350.4396445,Telephone,
341,"[142.85049091915965, 133.36595646633052, 137.5515227574703]",222.0009283,232.6403334,228.0063287,180.2738098,238.983603,Telephone,
342,"[104.08892580380414, 91.7375171651283, 81.61278941292957]",194.552234,210.1185146,222.0662093,186.5534537,160.9687048,Telephone,
343,"[154.68834811033364, 157.71315384292188, 160.28059530533406]",246.2229389,243.070123,240.3615809,189.2231351,272.9318471,Telephone,
344,"[122.20109753321138, 126.00998599889044, 133.83554068493993]",226.7730518,222.4488343,213.2895942,192.5297942,220.7341767,Telephone,
345,"[115.83212217283533, 119.708907194838, 123.89640644707028]",221.4683729,216.9587054,211.9798463,191.753229,207.5996689,Telephone,
346,"[138.02707245744102, 147.5270713852064, 148.68508479852318]",239.9044748,229.5847503,228.2949205,189.9874297,250.8445016,Telephone,
347,"[116.548095508314, 85.26377456607842, 63.26269586349234]",174.4735218,215.3973386,240.0345051,171.8399377,157.6563938,Telephone,
348,"[137.8407467718794, 149.6165414501221, 158.02800534675092]",247.1522821,234.6882939,225.3635922,197.3215444,257.6005268,Telephone,
349,"[201.77036019537758, 181.15746088093724, 154.29029330354967]",243.8378863,264.5174729,289.2606937,164.0120505,311.9852536,Telephone,
350,"[128.61503504743348, 121.3958428139757, 111.30096932377653]",207.6006161,216.2863931,227.8775753,173.9608797,208.9657476,Telephone,
351,"[124.01254723460463, 128.7349084503884, 97.00250037657031]",207.7014071,201.8203912,238.5686451,166.9801028,203.3747123,Telephone,
352,"[157.99998374485764, 126.60904047232094, 84.66460034314811]",180.5739373,220.4911062,264.5902348,134.3538741,219.4582843,Telephone,
353,"[123.38823469168577, 118.26651434768999, 100.12066105764312]",203.3046285,209.6302682,230.6495925,171.8424343,198.0802152,Telephone,
354,"[185.85696525225904, 202.64684239308664, 180.04068426395114]",279.7519437,264.00438,285.004304,196.5011246,328.6688337,Telephone,
355,"[76.96424260533837, 59.87089772880857, 102.31577931322947]",213.8919681,233.3824755,181.1642633,230.6889199,141.3383802,Telephone,
356,"[92.57231086656495, 76.45576727827604, 90.95004256503199]",201.2464876,220.7251368,203.2916762,206.1425371,150.6221343,Telephone,
357,"[121.33421545360979, 123.58488900473195, 120.78569800731833]",218.4695667,215.8265695,219.1088668,184.8538293,211.150187,Telephone,
358,"[89.99030247682428, 82.8783549108337, 73.10763475698226]",198.5994669,207.5303388,219.207456,198.2848737,142.5194812,Telephone,
359,"[120.30788551663686, 121.47001069890862, 118.83377127605296]",216.8372533,215.4662632,218.5639327,184.8196171,208.2076272,Telephone,
360,"[112.67563440995319, 112.57649648960168, 112.32110858608743]",213.414442,213.5328649,213.8376305,188.7338872,194.8981724,Telephone,
361,"[186.72353928383347, 190.93695306159492, 189.8190671099457]",277.7586603,273.8631635,274.9020811,203.3855424,327.6490171,Telephone,
362,"[123.36044043661788, 114.89700155540665, 116.27393241257133]",209.8807327,219.9233407,218.3209588,182.644221,204.7895178,Telephone,
363,"[157.29650515827996, 153.75076439262392, 145.87537131303293]",233.3771506,237.2197762,245.5395542,175.932209,263.9339161,Telephone,
364,"[173.34029598530933, 147.10574375856086, 149.39789011540418]",225.0069703,252.9975461,250.6766117,171.1964989,272.041702,Telephone,
365,"[135.81687749702863, 144.69011537145857, 151.2446916822726]",240.8626225,231.2778667,223.9344049,193.6286778,249.5123453,Telephone,
366,"[97.72233471195707, 97.97294890099536, 97.08105722824148]",209.1881794,208.8824577,209.9684403,196.6052422,169.0357509,Telephone,
367,"[128.35764549523424, 129.59706137269177, 118.56786590250134]",216.5456605,215.0811963,227.7823757,177.0592919,217.5532631,Telephone,
368,"[118.35433564258062, 125.65193875763698, 135.1903990932662]",229.6451421,221.393572,210.1202012,196.2058906,219.2546521,Telephone,
369,"[93.01447927326387, 119.88983769712497, 110.86954914934071]",230.0107368,197.9861264,209.281756,201.4107559,187.9290384,Telephone,
370,"[110.16262671644654, 110.16262671644654, 110.16262671644654]",212.719236,212.719236,212.719236,190.0547461,190.8072666,Telephone,
371,"[139.08809892014702, 137.53135680489228, 151.47661529017154]",235.1501816,236.832317,221.308528,192.7051119,247.397531,Telephone,
372,"[91.97048175185992, 92.49397896240667, 88.8655640584083]",207.4387824,206.7942573,211.221108,199.3309695,157.8315372,Telephone,
373,"[113.68504647970025, 116.42855252783238, 114.97725406213408]",216.2065977,212.9462486,214.6771227,188.5440812,199.2477518,Telephone,
374,"[140.4999736891435, 178.2040864786355, 181.55052779952663]",278.9758889,242.0711653,238.5199447,215.0469671,290.6157828,Telephone,
375,"[123.03840895794488, 123.03840895794488, 123.03840895794488]",218.3821459,218.3821459,218.3821459,185.2379192,213.1087756,Telephone,
376,"[104.70361732661503, 103.14543579173895, 94.70725550777173]",205.4201738,207.3454133,217.4754983,188.1075597,174.8464831,Telephone,
377,"[169.7393860359306, 143.2165890526728, 112.08955829160288]",200.8592362,232.1013986,264.0943863,142.5059941,248.7700135,Telephone,
378,"[120.87726353458174, 117.50303144078791, 118.8281844085324]",214.2802096,218.2587149,216.7049575,185.3780134,206.2484246,Telephone,
379,"[113.5222590732451, 131.49887177072696, 122.00109999987751]",228.4560633,207.4225166,218.7874859,189.7960621,212.2817114,Telephone,
380,"[224.24045866298115, 215.10323164358266, 190.97008274863006]",289.283809,297.2290496,317.2585915,199.8150538,364.7228483,Telephone,
381,"[204.62618048120058, 197.06307490888756, 186.46760736770108]",275.9375759,282.8404667,292.2369211,195.7951252,339.8174478,Telephone,
382,"[143.11151088828186, 131.2706602417719, 124.09772880980843]",212.4882739,226.2522936,234.1971293,170.4609887,230.4628757,Telephone,
383,"[114.13470637017967, 114.04720638233245, 106.15692970042643]",210.0454474,210.1516475,219.5170974,183.5987795,193.1393026,Telephone,
384,"[160.68583265537964, 160.42358489233865, 161.1094636572151]",246.1445673,246.4161001,245.7053036,186.7414389,278.4096311,Telephone,
385,"[113.19749405948771, 113.33124209467464, 115.81335679419024]",215.3245335,215.1660829,212.2040639,190.237601,197.6622794,Telephone,
386,"[162.75745255661465, 151.6494078563899, 172.24825606341884]",247.3372034,258.5358679,237.3507581,195.8478685,281.3485258,Telephone,
387,"[142.17089322775215, 133.29833083983047, 150.45275105655907]",230.5100489,240.1247373,221.1586199,190.7129609,246.2052765,Telephone,
388,"[91.21705221301615, 99.35327853992837, 90.4056750889708]",211.8233085,201.7910766,212.7978298,198.2612723,162.3724443,Telephone,
389,"[157.1846367635459, 158.90764788243638, 161.16901119758364]",246.5662913,244.7778592,242.4106125,188.627708,275.5614283,Telephone,
390,"[111.63416502342302, 92.90111682187616, 85.00987499860523]",190.8168205,214.3942946,223.5831991,181.6003591,168.2839361,Telephone,
391,"[154.11221614902175, 155.58247412093445, 132.4792219439706]",227.8925085,226.2413841,250.9339006,166.7866271,255.943794,Telephone,
392,"[130.62346987446767, 130.9735896945828, 131.26375749070564]",223.2795926,222.879374,222.5471406,184.004054,226.8187517,Telephone,
393,"[148.35330317416455, 143.37685831082888, 140.2398136788208]",227.151154,232.6706549,236.0837276,177.5057282,249.4650905,Telephone,
394,"[180.7183044854037, 190.39215762908927, 197.5255798483046]",284.224029,275.4081218,268.7221395,212.553256,328.5188487,Telephone,
395,"[133.69286075084221, 135.37002544487186, 135.8227811721334]",226.9103208,225.0176431,224.5039739,184.5025347,233.7662351,Telephone,
396,"[157.32885392692137, 157.74218716840286, 161.50885299803267]",245.9824384,245.5535787,241.6103484,188.884722,275.1728102,Telephone,
397,"[211.32132774277477, 195.34965192269587, 165.09366393315207]",259.4710596,274.7194668,301.4984898,173.4498361,331.7741821,Telephone,
398,"[125.21838920149935, 127.81277257211036, 124.64584638910354]",220.7169191,217.698927,221.3774044,183.7464106,218.0649831,Telephone,
399,"[168.84637763948078, 174.0963767816378, 179.63885953613408]",264.5791279,259.4698737,253.9644643,199.4374854,301.8091574,Telephone,
400,"[120.31446602777534, 119.32917202158688, 121.3608459999043]",217.0440031,218.1985317,215.8111339,186.9611525,208.4309885,Television,"214.86001948368045,
 221.31623025032712,
 224.1419148669648,
 190.7617792649619,
 196.75357325496464"
401,"[142.17185648803954, 152.80336552039512, 157.99607317759464]",247.0664235,235.8383939,230.1553108,194.5294502,261.7717793,Television,
402,"[139.91037271788466, 128.4287038259976, 116.87982516498725]",208.3277413,221.9371509,234.8319123,168.0594405,223.0016545,Television,
403,"[104.9461377005942, 110.73998296307956, 116.23382827171874]",219.7494215,212.9200488,206.2355112,197.4097613,191.8002567,Television,
404,"[119.65594114378298, 144.72421088029307, 157.42969780057592]",253.0755248,226.4120219,211.6190099,208.5982542,245.0443862,Television,
405,"[135.33331982701398, 107.46006911576157, 81.7035846603209]",180.3974959,216.2374029,244.7333681,155.9052075,191.1498095,Television,
406,"[191.80495935633203, 169.70018986512554, 142.57052462961363]",230.4736907,253.7549104,279.6921232,156.0194201,293.1103058,Television,
407,"[130.43966795217668, 121.28912050955927, 66.79859752755758]",186.248167,198.3813472,259.124151,147.9458345,190.2304139,Television,
408,"[96.48621260520488, 99.9614187380966, 103.76307110701501]",214.2094325,210.0317258,205.3642693,200.3082943,173.4031412,Television,
409,"[125.65102857801786, 112.30519663487536, 100.65936451464954]",198.6854833,215.1332042,228.5206116,172.1633131,196.2981045,Television,
410,"[122.81364319286537, 125.14697625613701, 106.31943213895461]",210.8051713,207.9635073,229.8931662,174.2564721,205.0579876,Television,
411,"[55.327945981034716, 64.38848997088901, 63.36931752075505]",219.1585663,208.3497055,209.5933628,232.3946546,105.9373855,Television,
412,"[109.16715042857068, 94.46586602711513, 75.8437115881591]",189.5871526,208.4249109,230.0831203,178.8702118,163.0752439,Television,
413,"[60.45024123753219, 97.32461476062005, 87.57959109706579]",234.5034628,190.2260328,202.8691835,223.829737,144.2099063,Television,
414,"[93.28905208827544, 93.55690920123781, 101.4921761727482]",212.6122945,212.2907926,202.5349216,203.8509449,166.602534,Television,
415,"[173.4905455789451, 173.165073919213, 172.2582344035101]",257.4933656,257.8154841,258.7108656,190.7442238,299.5964144,Television,
416,"[119.94377986606794, 115.41099351159328, 123.29975137005253]",216.2468698,221.5274921,212.252593,189.4784443,207.1449648,Television,
417,"[143.20920773799688, 135.2542030085261, 121.18446330883428]",213.2523266,222.5614684,238.1368818,167.5340796,231.2752705,Television,
418,"[131.19850779318818, 130.8331435234273, 136.66102041594294]",226.0981102,226.5098038,219.8510268,187.5377777,230.2316103,Television,
419,"[150.76417019444395, 137.86606435719588, 122.56038972920092]",211.8801762,226.8727463,243.4689653,163.1637454,238.2392408,Television,
420,"[153.76245970434533, 140.87124342602363, 125.70956829245826]",214.2350166,229.0658479,245.3642537,163.1996692,243.4964,Television,
421,"[130.99458628568183, 95.83044321485495, 81.03022883042885]",176.4276465,221.4958858,237.9254857,163.4859878,181.4082508,Television,
422,"[145.31197710244135, 109.13210273047737, 67.81706627875343]",168.939139,216.7767714,260.8885532,140.5412352,193.9704643,Television,
423,"[79.9265263238458, 72.96051831573264, 59.83003729933802]",198.8808482,207.6204611,223.1654122,206.6437048,123.6572691,Television,
424,"[117.99361333536085, 118.39678781054356, 121.65392963367314]",218.1472621,217.6754671,213.8257857,189.056309,206.7364766,Television,
425,"[98.10233495710715, 105.40084164170132, 111.1183250406903]",219.2566917,210.5973848,203.556729,201.2864107,181.8809712,Television,
426,"[143.88532962259924, 115.59420582311009, 79.52441879118457]",178.9766006,215.5483628,254.6697628,145.2980924,200.9704995,Television,
427,"[87.07578030781261, 72.54420289008391, 78.6031496207211]",199.0971121,216.911882,209.6680751,207.18367,137.9250087,Television,
428,"[170.74614276905044, 174.0956110867047, 174.5879368845411]",260.5550651,257.2561236,256.7676517,194.0680043,299.9074437,Television,
429,"[90.95188424238647, 130.85362017874922, 173.69087270308367]",272.4022273,232.0626815,178.9024576,241.3426585,235.7189734,Television,
430,"[134.00716210859423, 139.36687305350767, 149.48917278437105]",237.5066418,231.680712,220.2579839,194.0189084,244.3932437,Television,
431,"[146.14992692503654, 146.14992692503654, 146.14992692503654]",233.5978182,233.5978182,233.5978182,183.2033428,253.139099,Television,
432,"[178.68313119209478, 150.21388366124552, 166.1563948988777]",236.6356331,265.5479978,249.770011,183.4416563,286.5306612,Television,
433,"[94.93215879422829, 75.17368189376343, 63.54983930628579]",187.9132202,213.0450693,226.5311485,194.2397057,136.7544489,Television,
434,"[62.809919756668315, 58.615005010289956, 58.87650618928497]",209.3780999,214.4262,214.1149917,227.4230355,104.1501215,Television,
435,"[101.74577308640535, 125.79630539107116, 152.42417267623696]",250.0893779,224.2296266,191.5690819,219.6745687,222.2836953,Television,
436,"[108.10716954907079, 100.94961404612926, 90.37190885617268]",199.8384601,208.772037,221.3151443,183.9756437,173.335128,Television,
437,"[126.52374134346817, 121.45813105677252, 121.68663781825364]",214.6295983,220.5659215,220.3015825,182.2352359,213.4665607,Television,
438,"[128.33875106650163, 131.9010323747343, 151.1909020732361]",237.2754585,233.4156801,211.2937438,199.9932562,238.1751587,Television,
439,"[78.48242640721003, 70.34542501810012, 80.17329271975495]",206.2393985,216.0661014,204.1380603,215.744523,132.4225318,Television,
440,"[129.28291760791322, 123.08933297945785, 132.46161140187726]",220.2313493,227.2896288,216.519545,187.3696008,222.2861561,Television,
441,"[108.19411246651497, 115.32317782547977, 130.48477119782044]",227.7667216,219.6402881,201.2695792,202.5982004,205.0162843,Television,
442,"[139.20277476365078, 146.34118601489422, 148.9484818724805]",238.7684869,231.0190482,228.1229487,189.5858617,250.9557839,Television,
443,"[112.52551426171028, 118.55854669083617, 115.75374216679258]",218.5269707,211.3697953,214.7268979,189.3534169,200.2924092,Television,
444,"[119.58323599762656, 121.05718886034843, 121.87026334318045]",218.7347801,217.0096497,216.0521235,187.406061,209.302065,Television,
445,"[116.28300732045608, 91.46275159257681, 87.63355634224862]",187.8496185,218.965316,223.3801674,179.8048141,171.9500303,Television,
446,"[118.67111771571274, 118.67111771571274, 118.67111771571274]",216.2203332,216.2203332,216.2203332,186.5871476,205.5444053,Television,
447,"[130.68053286796305, 120.61456239330515, 117.70136845462353]",209.420187,221.3378857,224.6690645,176.8587264,213.2577935,Television,
448,"[153.28482036016186, 126.48154441787455, 130.11883912716812]",208.0251695,238.6297171,234.7107189,169.5893908,237.5389011,Television,
449,"[64.52163618110595, 48.121639562548545, 46.55462957636504]",201.9035235,221.6506961,223.4462042,228.2759115,92.98423127,Television,
450,"[131.92581805614117, 136.40542195235824, 139.34856126717415]",230.5899281,225.5817301,222.2298717,188.1034973,235.4333921,Television,
451,"[149.941799808501, 107.40925962433337, 93.20314662690862]",176.8072426,230.1138773,245.3518171,151.7917829,206.6545884,Television,
452,"[136.21470721291936, 131.0736035492511, 126.06256121931764]",217.2141908,223.1680254,228.8221998,176.5013187,227.214668,Television,
453,"[121.78667213901794, 121.78667213901794, 121.78667213901794]",217.7378647,217.7378647,217.7378647,185.5941161,210.9407038,Television,
454,"[55.97974953039817, 56.31848092868004, 55.881234024124964]",214.251123,213.8475875,214.3683433,233.545381,97.09900086,Television,
455,"[73.84605626781756, 73.35184336205516, 54.22337335377623]",202.8236142,203.4440145,226.1525741,210.134029,117.3622902,Television,
456,"[168.04876340967851, 128.1473447004731, 65.82722908259868]",168.2720523,220.60192,283.6343881,115.1167227,221.3489393,Television,
457,"[126.28788153894422, 130.5986771430014, 129.386027329768]",224.418288,219.465401,220.869902,185.7175396,223.0367404,Television,
458,"[110.62434358881903, 95.57893750475361, 96.72960818063899]",198.3337605,216.8165991,215.4590347,187.1369316,175.2988756,Television,
459,"[111.83077351368262, 54.75228799670867, 57.56676273529432]",163.7350684,236.472409,233.4176903,189.6468233,137.1782312,Television,
460,"[78.21293546837835, 83.10020009392484, 87.49372781902633]",214.0431308,208.1392728,202.6851197,213.5799518,143.798675,Television,
461,"[132.15426054204562, 151.48378066975607, 170.82091984363433]",259.264726,239.4997764,217.9408221,210.8401066,263.8027123,Television,
462,"[99.43057489906997, 109.25595344295516, 104.39478260360276]",216.8801052,205.0025292,210.9626367,195.4674279,180.8910535,Television,
463,"[137.18256119539842, 157.7816040833408, 129.12289628605058]",235.4754888,211.9980989,244.047403,174.945067,245.7372825,Television,
464,"[118.9000946401617, 118.97635671575117, 114.29966548875774]",213.8760651,213.7851201,219.2924761,183.591322,203.3642532,Television,
465,"[68.66375234573445, 40.45080442704802, 23.11705814233398]",192.0725466,226.4519079,245.1951818,225.3177705,82.97817088,Television,
466,"[109.33659378443633, 89.58193429029104, 73.14130783696685]",185.9903271,211.3463464,230.3301926,179.5977824,159.1510748,Television,
467,"[95.17797374712204, 95.83023705450236, 93.63167760990972]",208.5507264,207.7516575,210.4329263,197.7231075,164.3446746,Television,
468,"[178.33039069707252, 138.91612779522808, 152.1977281354533]",219.8637487,261.6129624,248.3298732,172.4028591,272.5134258,Television,
469,"[91.7745688406585, 101.85003953822844, 157.03672720588608]",248.3475501,237.7772394,168.5016465,235.1403678,208.4623125,Television,
470,"[84.62136086789435, 74.89708774444753, 77.20711382491902]",201.4929102,213.4450096,210.6671755,207.6255136,136.8622917,Television,
471,"[115.00320654472033, 102.68668426108539, 105.3905466319156]",203.1029902,218.0189235,214.8331473,185.9817701,186.7550801,Television,
472,"[95.53181277973972, 114.667733045552, 108.14130440762628]",224.2171569,201.2809333,209.3859898,199.1431183,184.3083231,Television,
473,"[84.42456699055275, 83.01697472357895, 93.7812094124666]",211.6192611,213.3086584,200.0270583,211.2157902,151.0438375,Television,
474,"[94.76234545085747, 80.44163191991252, 74.32386179559813]",194.0901814,212.0720689,219.3048681,195.8322241,144.8267748,Television,
475,"[140.79898592010142, 133.81398661860135, 124.58898754110125]",215.5701056,223.6801737,233.9606155,171.8628955,230.7660141,Television,
476,"[128.91827121682604, 91.74058472884764, 110.47209980906618]",191.0942753,235.5369231,214.3001854,182.9416002,192.9775644,Television,
477,"[79.89512649782417, 63.6475606867502, 53.95026443780925]",193.9674193,214.2652989,225.5110627,209.3911763,115.5200167,Television,
478,"[104.59637504052459, 112.84537019624797, 114.00300060210837]",219.8909096,210.1071741,208.6974678,195.8010213,191.4971629,Television,
479,"[114.9508410279999, 104.76227635283087, 98.93178546321109]",200.9387958,213.4773235,220.3318361,181.7411578,184.3266898,Television,
480,"[114.97638323274742, 81.81241219721588, 69.21986717765625]",176.327179,219.1002037,233.2961578,176.9694268,157.1757917,Television,
481,"[126.5455509180356, 128.8263388144903, 128.02954088306146]",222.4597366,219.8297809,220.7521223,184.9341574,221.362972,Television,
482,"[134.4314046843635, 130.8216794486684, 152.30671417622017]",234.1974235,238.0953444,213.8504742,197.2366065,241.6266739,Television,
483,"[112.03200511931642, 98.34363945105235, 70.16221236262409]",187.1738631,204.9759047,237.4608375,172.6431406,164.7585434,Television,
484,"[112.82173036387732, 112.19341185923997, 109.25535913333007]",211.5153789,212.2715194,215.7721132,186.9222555,193.0099428,Television,
485,"[122.91989733927727, 109.34370307634003, 101.59620671899815]",199.3062672,215.978812,224.9401484,175.6831413,193.3575336,Television,
486,"[191.72305234319842, 193.41151366519057, 203.69099952679494]",287.9270897,286.4278159,277.125163,215.1771584,340.0819985,Television,
487,"[46.98470739048314, 51.98852840910466, 41.566873685748575]",218.4055266,212.4830001,224.6420914,240.3534058,81.47499495,Television,
488,"[145.2905672456053, 144.09612305638396, 135.83971456416356]",226.3896649,227.7310846,236.7957247,175.8566455,245.6124379,Television,
489,"[100.38797348391309, 99.02035651523865, 91.69958332998134]",205.2284662,206.9207771,215.754032,191.4863068,168.2010399,Television,
490,"[125.50309901420135, 121.09334843429995, 115.31534073492317]",211.4962747,216.7478881,223.4422318,178.8710967,209.0747587,Television,
491,"[106.10803416345105, 125.21215614692414, 135.4439812487267]",237.0484625,215.5200023,203.0532949,205.1754422,212.7958435,Television,
492,"[96.66310701941735, 96.66310701941735, 96.66310701941735]",209.1843307,209.1843307,209.1843307,197.6973922,167.4254126,Television,
493,"[48.4077723991364, 37.66999581444491, 35.47332939185229]",212.9735528,225.4639666,227.9348594,245.2583038,70.85688471,Television,
494,"[99.33156290057414, 112.79724257684873, 102.83314648013237]",218.0149909,201.6507863,213.8801735,193.7329249,182.1115958,Television,
495,"[128.6905112207146, 134.2328493716886, 146.4445416890583]",235.4114453,229.3293617,215.322997,195.8231557,236.6975059,Television,
496,"[142.7829272890275, 145.01160917162673, 137.54261788855067]",229.2138956,226.7209346,234.971419,178.6342042,245.6283837,Television,
497,"[139.21219248668817, 147.57860342311398, 141.94501649694405]",235.2331785,225.9818105,232.2518203,184.0073616,247.6042537,Television,
498,"[151.24310767402557, 155.95047789323675, 161.27831009039494]",247.1775426,242.2725299,236.5983608,191.9845824,270.5655604,Television,
499,"[88.6137694557652, 83.90291399760814, 79.01147400715303]",202.4027908,208.2532737,214.1589606,201.2558772,145.3785133,Television,
