circle,rect,class
0.21554809216575688,0.34136189436591957,Apple
0.09315466730700239,0.12321048746772867,Apple
0.2709796148990201,0.18069405495455215,Apple
0.14883325549356108,0.09697622757528535,Apple
0.3152913477157462,0.18093990260125437,Apple
0.0,0.0,Apple
0.14950900031928038,0.20651164331225835,Apple
0.15876616421065592,0.1954022988505747,Apple
0.18064212949190017,0.15820179732325101,Apple
0.1335710043478665,0.1269212377203025,Apple
0.1476276445090028,0.1654072539424778,Apple
0.19418485067761337,0.2609337727409118,Apple
0.17016844274907872,0.29088293562553,Apple
0.2314919366768775,0.11222817586164546,Apple
0.15467205622243652,0.13997312773896353,Apple
0.0,0.0,Apple
0.15731364608267095,0.16609095970748,Apple
0.15790911640015537,0.17652669277401023,Apple
0.35190767153889335,0.19904054853077557,Apple
0.3444964325520343,0.08700221858486124,Apple
0.09954753395884275,0.13813377827742757,Apple
0.18006221746730844,0.18923271008903098,Apple
0.08500406664984683,0.05983124524574379,Apple
0.24212950914402598,0.12844921459767844,Apple
0.07013443629173666,0.06981629594055505,Apple
0.3059000591801596,0.16460132459708,Apple
0.1436191663664519,0.1417861370852308,Apple
0.01766043142753393,0.0,Apple
0.1827168405143288,0.2186923280720512,Apple
0.02961744388795462,0.017868542247296615,Apple
0.018970346440815744,0.0,Apple
0.335545629443732,0.18633544810072733,Apple
0.050772760950779317,0.0,Apple
0.2130878115869166,0.0857055406971009,Apple
0.1242265904418336,0.04996488078545902,Apple
0.1717614803627905,0.20517881334609334,Apple
0.07008766440504621,0.05436602822195624,Apple
0.17884352665935566,0.16690524892922598,Apple
0.3495965648226502,0.3082612635098336,Apple
0.2802048895021949,0.16905081089746987,Apple
0.22585868535211984,0.12653004471961893,Apple
0.1057008444308215,0.13043971426011847,Apple
0.12922159405870048,0.17819626039581282,Apple
0.17031627517000913,0.2839248479695837,Apple
0.08609819070858182,0.09349923967246887,Apple
0.1665449677335592,0.09519014050432073,Apple
0.1801403706403104,0.3260422305929467,Apple
0.13818638640233227,0.17112671561879267,Apple
0.14740869481910046,0.09416472308615165,Apple
0.11011955225786962,0.016609095970748,Apple
0.08495907904857469,0.044849685092245184,Apple
0.16643566632465157,0.2309488393660315,Apple
0.16824244380448183,0.18850480693386595,Apple
0.15123812979352402,0.04830548370824239,Apple
0.0493624064799244,0.06253989786553804,Apple
0.17323270296912885,0.1735666783963148,Apple
0.0,0.0,Apple
0.3056797704203551,0.18178552475787024,Apple
0.24181143795152904,0.09176800831992915,Apple
0.1526395520702255,0.20419775919271899,Apple
0.3584237405421683,0.09661838049667337,Apple
0.19012643809805074,0.18582283241670394,Apple
0.3032519125876014,0.14164284635930224,Apple
0.01698211451528453,0.0,Apple
0.09785996633698613,0.11271279531923217,Apple
0.40643167911869005,0.1457349729296652,Apple
0.09214315876252543,0.09529889198558172,Apple
0.21289107272899122,0.18195612301392017,Apple
0.060482074812682196,0.031276737155780276,Apple
0.09094326083734472,0.2020107165509618,Apple
0.10442681763959127,0.039376182533738424,Apple
0.4492954128942104,0.10164939575628573,Apple
0.12125198706460916,0.05064418313919594,Apple
0.17299818271854128,0.1919094018719022,Apple
0.13920485060019283,0.2519516299301344,Apple
0.17167901505579042,0.24414321889016144,Apple
0.16343177987420177,0.17255045472496944,Apple
0.16584403661926816,0.21122849288893886,Apple
0.29587598331217524,0.20475614917544005,Apple
0.17235665748388718,0.2635475318620286,Apple
0.051298917604257754,0.04642383454426302,Apple
0.3396422903056908,0.1383142998252026,Apple
0.23395906074624073,0.23615509896936537,Apple
0.1288224903243692,0.09538373464472227,Apple
0.22611461595587357,0.23471839882265466,Apple
0.152388246204745,0.1541306317549168,Apple
0.0786033695366628,0.09484462161280183,Apple
0.10992625200912365,0.05968778727119528,Apple
0.1877409204686391,0.23566685850276814,Apple
0.13633417788908353,0.05287626450141392,Apple
0.19571993267397225,0.0,Apple
0.24352245799172323,0.07713293747622052,Apple
0.1827168405143288,0.1706866950806254,Apple
0.17518900021352612,0.08647652060840039,Apple
0.32074347536463477,0.16283007313922226,Apple
0.2051956704170308,0.1603732466074539,Apple
0.15129255884214254,0.16734030337884076,Apple
0.29578575834610366,0.2676763906002799,Apple
0.030779350562554653,0.055708601453115514,Apple
0.06258409275407506,0.0778752523709324,Apple
0.10574252064631307,0.20932954451235952,Orange
0.23625927536407476,0.19494156685808628,Orange
0.21813311249765843,0.18612310962199385,Orange
0.055574811944440694,0.050293378399140054,Orange
0.18301910183015302,0.22439688520966994,Orange
0.1694081056390353,0.12625427967391512,Orange
0.07917922609625105,0.03184648776492405,Orange
0.18557352054779197,0.18368211903968223,Orange
0.2887211716152148,0.04665770924632118,Orange
0.19418485067761337,0.2449582356343254,Orange
0.14142135623730945,0.16166106912431766,Orange
0.1926727978141799,0.10613372610104643,Orange
0.1823495343585153,0.12059178389732239,Orange
0.05943740080349591,0.023052383304200452,Orange
0.17292861596651865,0.16275450289674365,Orange
0.02742042485535412,0.0,Orange
0.10857934280612735,0.08422348876123154,Orange
0.08702234803299269,0.07087712856072925,Orange
0.12069028582475427,0.10239444591181723,Orange
0.0,0.0,Orange
0.07696825713954514,0.07598590170168285,Orange
0.0,0.021750554646215337,Orange
0.09270355246545425,0.058080231949677485,Orange
0.11254045149469039,0.12221449208805601,Orange
0.20251325872393733,0.201594628124536,Orange
0.17210247214451357,0.17606191800856308,Orange
0.12304244077177473,0.1640938013941925,Orange
0.11345419140300972,0.15743088248060066,Orange
0.04722448147213709,0.09402052824331175,Orange
0.16741759617923346,0.16160791736581237,Orange
0.5130360222301587,0.2133181777013039,Orange
0.07886758328857235,0.19764711961465586,Orange
0.13100561589443793,0.09484462161280183,Orange
0.15411035007422447,0.17616606585441108,Orange
0.0,0.008893193797450571,Orange
0.21412135161252432,0.22837506959778486,Orange
0.11803342130469507,0.11393745837917701,Orange
0.14414468597521712,0.1191030554943947,Orange
0.16211027249069665,0.17387196327372456,Orange
0.1314257481345542,0.13771534860493695,Orange
0.1769980813511972,0.012814195740641465,Orange
0.09618642900316265,0.09948063677386343,Orange
0.1358182680707849,0.1617250908849983,Orange
0.1044719231708745,0.11345238852532258,Orange
0.06887855256686548,0.023374809918117245,Orange
0.13083240086888692,0.087241385449781,Orange
0.16096872731710676,0.13960176613976905,Orange
0.11785752455115495,0.09332503814304605,Orange
0.08230987798215872,0.14220385685307024,Orange
0.09454858017001677,0.11189054482767213,Orange
0.21565812744382384,0.240201252859224,Orange
0.05623910267009635,0.04453272221528248,Orange
0.19070440900479668,0.15979742855535584,Orange
0.15270834311418668,0.1497123679040856,Orange
0.20155808229114602,0.10002769316032045,Orange
0.13157627568754338,0.10584196033297766,Orange
0.21848050304871713,0.15534960187685576,Orange
0.1443751698947091,0.058794652804155745,Orange
0.2704623444688392,0.25137465579082185,Orange
0.14526003741187565,0.14397513717788857,Orange
0.056777497395766874,0.0,Orange
0.2341957416977578,0.19267222693435326,Orange
0.15558665017102036,0.14601564984244741,Orange
0.09969078921779184,0.22207233970234697,Orange
0.0,0.0,Orange
0.4165772981712962,0.21542215111371643,Orange
0.1751991348212235,0.18203826804955803,Orange
0.0,0.0,Orange
0.46657600569783386,0.15638368577890116,Orange
0.1650593288588793,0.13579388009784,Orange
0.22949118716445205,0.0905280436039898,Orange
0.4162920866555917,0.108833301026806,Orange
0.18305610625497537,0.2147441335990895,Orange
0.0,0.0,Orange
0.3036198412068646,0.0646508183835236,Orange
0.08435374472274704,0.0,Orange
0.1450952500220024,0.15518032974330853,Orange
0.18956440659265117,0.20274038687125484,Orange
0.14024955456525978,0.11483350079455934,Orange
0.1770510948637185,0.24650064960709916,Orange
0.18806885245736493,0.1756863285463608,Orange
0.1714762045714573,0.18502270084779093,Orange
0.16245190396704912,0.09587845713321352,Orange
0.16283823484310145,0.10892066379545273,Orange
0.0,0.057306825506125314,Orange
0.20551306530188485,0.35646659272421055,Orange
0.147240385910256,0.15747456676645655,Orange
0.22047320035539864,0.24702600085495696,Orange
0.1450952500220023,0.08753762190648173,Orange
0.2391243423991367,0.13316902848554257,Orange
0.20648170195438786,0.23736162863103694,Orange
0.21992670331297481,0.19902643882722693,Orange
0.0995943188142826,0.0836917579264983,Orange
0.1827880299209388,0.15950940422088467,Orange
0.08707154319342925,0.17192047651837583,Orange
0.10557230146166807,0.05573135358861714,Orange
0.073620192955128,0.12113428212804356,Orange
0.14755466670734785,0.10318391410330752,Orange
0.059703155045286005,0.07429041569336825,Orange
0.15274310881597208,0.19139191439405467,Orange
0.03175323284213116,0.16091954022988508,Clock
0.15423451063233884,0.27217546855087504,Clock
0.07825267906836497,0.1931348259842267,Clock
0.20647416048350564,0.18685232967091492,Clock
0.16408902387494628,0.09349696139813102,Clock
0.2033898652460362,0.1396325918811101,Clock
0.04960541500218807,0.04489127034465823,Clock
0.08968829674739365,0.32973265422610987,Clock
0.09765439127500208,0.15075567228888187,Clock
0.21270799391196737,0.19249374405497566,Clock
0.03071185863319781,0.15564204739184961,Clock
0.0793925884920581,0.18680397691109174,Clock
0.06049266897545613,0.0973224486964609,Clock
0.13578836587398446,0.14425514049193067,Clock
0.07888972155800167,0.09519014050432073,Clock
0.03981568186671047,0.03603188358683351,Clock
0.03175323284213116,0.16666666666666663,Clock
0.20942695414584778,0.322191668521034,Clock
0.1753351617939498,0.22667508458413843,Clock
0.12152160827386016,0.17466309815579817,Clock
0.04030423611722289,0.07294801825540143,Clock
0.20164222991818714,0.3041326521764405,Clock
0.14048787173725408,0.33055595801514515,Clock
0.21289316530218505,0.3408623319835351,Clock
0.3209399829010313,0.14522006857703618,Clock
0.09889027721163945,0.052203929718812936,Clock
0.08891812384738007,0.09284766908852593,Clock
0.07823011594259388,0.028318273589429954,Clock
0.09676198058342234,0.12798167972341812,Clock
0.10796099166324602,0.21839080459770122,Clock
0.13263707095903687,0.2084769619841984,Clock
0.08352403360642058,0.02907173287693532,Clock
0.05492096786841594,0.0355011935701921,Clock
0.16782722688868046,0.11933281239031057,Clock
0.09775379483492497,0.15481195055369013,Clock
0.05298129428260179,0.04794633014853844,Clock
0.03450738623384264,0.03747366058909429,Clock
0.1878016201253404,0.035162957441612686,Clock
0.19205719177443137,0.05393962141710573,Clock
0.11314714296070716,0.027305185576484647,Clock
0.19714562323605767,0.12885189058084467,Clock
0.13300859762110206,0.13240525061790775,Clock
0.13905532869818138,0.17424069584903246,Clock
0.3208245214529162,0.09677854944601771,Clock
0.2111959450767814,0.05212510624121025,Clock
0.0,0.0,Clock
0.039571431824182435,0.09549558753434373,Clock
0.14052108007520459,0.13269595761744868,Clock
0.12181764186300315,0.0648476249830151,Clock
0.21219042315726022,0.24822790378450632,Clock
0.1025978352085154,0.14958791130929172,Clock
0.14981246488468491,0.1972005196856793,Clock
0.15360665500004644,0.024175473851486218,Clock
0.16368951821422695,0.1692955822761939,Clock
0.1832883653154842,0.033173989404362114,Clock
0.19199631370616488,0.16216699719487626,Clock
0.2042897248427522,0.11708780856337209,Clock
0.05243788202755695,0.005931819989552833,Clock
0.2769034158400724,0.111372662747383,Clock
0.08162245514079558,0.22159691838634377,Clock
0.14850972306422072,0.17104998749960632,Clock
0.1294546358964508,0.11157351532307569,Clock
0.14950900031928038,0.14242182297397132,Clock
0.0861994231841231,0.07800764512385161,Clock
0.14912022701586514,0.20242335714349113,Clock
0.047562953374477024,0.012297974198582029,Clock
0.2670023703982325,0.18256365766932658,Clock
0.31277502083257636,0.3113562262969709,Clock
0.11042363594829652,0.056210490883641384,Clock
0.28325088785129937,0.1537996468490741,Clock
0.03206182350266107,0.17408937954098613,Clock
0.21536932343116733,0.11694129588475222,Clock
0.11972345888313984,0.07448773454208435,Clock
0.1371122421413853,0.11280188461939022,Clock
0.11254045149469039,0.06789694004892,Clock
0.09921083000437614,0.04489127034465823,Clock
0.2051956704170308,0.19115696577049457,Clock
0.05986172944156998,0.128660632390873,Clock
0.2674990234639737,0.1463726384610896,Clock
0.1629015977874323,0.28501314530596455,Clock
0.1227980662688345,0.06433738724816296,Clock
0.1258704201665103,0.1627265623504235,Clock
0.23543177896190848,0.15218430195051225,Clock
0.03609379247367728,0.02613095680184696,Clock
0.0845573790249381,0.051014432749284744,Clock
0.057466282122748735,0.04550445965558003,Clock
0.13905532869818138,0.0,Clock
0.16790799325961026,0.1729100041540954,Clock
0.1501136671340383,0.12785688039610243,Clock
0.16046999145051566,0.08605633693453996,Clock
0.144685568498374,0.11954997284508062,Clock
0.031277502083257636,0.1641696465929483,Clock
0.1511408854395857,0.12583533149056747,Clock
0.0379587212470498,0.01145046508439762,Clock
0.21449302908983003,0.25383503214371483,Clock
0.20561572340611634,0.14354393579554103,Clock
0.13361980022491338,0.13243786391515266,Clock
0.12458308561034015,0.13263952726932282,Clock
0.024929498571161002,0.15792263846714627,Clock
0.14770307555161666,0.0534665717041789,Clock
0.10339215288613168,0.1603997151125368,Telephone
0.15480649523627654,0.16928120534251123,Telephone
0.06480860715458314,0.039099773069920074,Telephone
0.10617950299603718,0.013726994389757996,Telephone
0.1677070365059662,0.07588467825698775,Telephone
0.15795970073575794,0.13103597648017495,Telephone
0.14247019457784438,0.12307035104564434,Telephone
0.1271621514679484,0.0666238551704239,Telephone
0.06622661785325223,0.09589266029707688,Telephone
0.03194892255323489,0.021684543705982717,Telephone
0.07755667343294814,0.05263968047576972,Telephone
0.1970465211228335,0.17217163878014863,Telephone
0.11344562849938578,0.07414663064964488,Telephone
0.12926112238824694,0.07018624063435963,Telephone
0.13184634483601188,0.14739110533215527,Telephone
0.056600895109804816,0.014634842840742346,Telephone
0.09911892555667046,0.14736325101737713,Telephone
0.11734517391389077,0.09911395756300478,Telephone
0.09911892555667046,0.08329227231416969,Telephone
0.0575008067771835,0.13380773252626188,Telephone
0.15884991660675296,0.19351493819211263,Telephone
0.2164832292773562,0.11632168599484649,Telephone
0.1113557821722877,0.0604639939617464,Telephone
0.1684029652070913,0.17417045613427817,Telephone
0.24040523456464846,0.17175697626596498,Telephone
0.09527110619046963,0.09340198845554593,Telephone
0.059703155045286005,0.0,Telephone
0.11907604493604895,0.11343148142323312,Telephone
0.16333635810871316,0.03519381814343647,Telephone
0.23325559442285204,0.12665318834459893,Telephone
0.16096872731710676,0.10925355610938448,Telephone
0.09533520492661762,0.1047627760830171,Telephone
0.041788769268349846,0.09454365710443546,Telephone
0.0845573790249381,0.03826082456196356,Telephone
0.03456118560724697,0.0,Telephone
0.08749572785196147,0.07258236172594879,Telephone
0.06844551771529828,0.08258792551853511,Telephone
0.14262084994685265,0.09680038658279577,Telephone
0.10368355682174091,0.14856450148995604,Telephone
0.1230681848178099,0.09466676333527557,Telephone
0.03771571432023568,0.013652592788242268,Telephone
0.09933992677987824,0.029966456342836456,Telephone
0.09889027721163945,0.08949245094653646,Telephone
0.05760765080407393,0.07819954613984015,Telephone
0.16353932404903415,0.15820445258457538,Telephone
0.23606684260939015,0.1353007318252727,Telephone
0.1997409884516559,0.18075903026105156,Telephone
0.09772453576069551,0.011791665765914505,Telephone
0.17881186820378092,0.10188595156564417,Telephone
0.10039117221153826,0.4239699874481524,Telephone
0.10936965981495184,0.16495991301351998,Telephone
0.0891163807799008,0.16749843760759453,Telephone
0.18496087779795345,0.28326441144353254,Telephone
0.13802954493537056,0.08743854137455331,Telephone
0.10156667501540162,0.15756771943166703,Telephone
0.16093901824047785,0.1514703033041701,Telephone
0.09941348467724342,0.09688639316269665,Telephone
0.09148212385249854,0.08278831561806044,Telephone
0.17914359097500465,0.2593904999320604,Telephone
0.15307675943518073,0.2510846037909723,Telephone
0.13578836587398446,0.1495979234731133,Telephone
0.1465683360121649,0.05968778727119528,Telephone
0.15426169701222725,0.20636782820661503,Telephone
0.1745064899981268,0.1297221673122988,Telephone
0.12683606853740703,0.23594175146544183,Telephone
0.14126252518873827,0.01917569142664266,Telephone
0.0702033206956052,0.06353169806764325,Telephone
0.20339567361663924,0.1349820268337134,Telephone
0.2649935973720865,0.14142670328369356,Telephone
0.09214785982417295,0.030323921743156124,Telephone
0.13161036545563298,0.11343148142323312,Telephone
0.10889090540580881,0.03519381814343647,Telephone
0.13998264785467107,0.11516335992621962,Telephone
0.13839489160714025,0.10816426114554922,Telephone
0.07892141169885802,0.0857055406971009,Telephone
0.15756337291581357,0.09125739156879376,Telephone
0.12966942311908158,0.09881816123532061,Telephone
0.07423718811485847,0.0,Telephone
0.0,0.0,Telephone
0.1697317420694432,0.05907755711884621,Telephone
0.16375104406425312,0.14145343548377798,Telephone
0.1517573821278656,0.08673817482393109,Telephone
0.17688762606510755,0.23122303873371441,Telephone
0.15940373385206885,0.11219844260483502,Telephone
0.049286405809014444,0.0,Telephone
0.2121872986618012,0.3040356756123639,Telephone
0.09533520492661762,0.05546264616159735,Telephone
0.08816620300447742,0.06648959685418465,Telephone
0.17499145570392283,0.1517631199724384,Telephone
0.17246147992031013,0.17341330172659108,Telephone
0.12409067749271696,0.10527936095153945,Telephone
0.19205719177443137,0.19777861186272094,Telephone
0.03058876451607495,0.06228410989030497,Telephone
0.14304121969049066,0.07649176535789204,Telephone
0.08891812384738007,0.11141720290623114,Telephone
0.055574811944440694,0.028739073370937174,Telephone
0.1716465707551973,0.09455143815519595,Telephone
0.08896360576089646,0.13686553717335337,Telephone
0.14903365380766398,0.1348705588540473,Telephone
0.10722494847693542,0.03881402181239957,Telephone
0.06960242530009642,0.0489905947086372,Television
0.16096872731710676,0.358108878358538,Television
0.1735251905779882,0.281579273329307,Television
0.16855358641398954,0.192327314540518,Television
0.12136178216614424,0.27168083937165943,Television
0.1371564113999736,0.11105656640784967,Television
0.13473130359185936,0.10316934010406775,Television
0.1289898062594308,0.16120069194155862,Television
0.1271621514679484,0.1756447090856631,Television
0.12395228112361201,0.05938556868486722,Television
0.17183159605025877,0.12559772670741576,Television
0.1515754017864558,0.10160796832803709,Television
0.11987659063477174,0.10848437490028229,Television
0.1845225812629756,0.19001954387826248,Television
0.0486664263392288,0.04404151646360277,Television
0.14227759830611808,0.13390681268239724,Television
0.15920725317400042,0.21611599790312952,Television
0.1354898074495101,0.21941420958767044,Television
0.15180282187201677,0.030528125543633156,Television
0.09618642900316265,0.0,Television
0.16754156331667824,0.1732795528180351,Television
0.07696825713954514,0.006332158475140237,Television
0.14626069243922424,0.23320768752427412,Television
0.11822676037170965,0.10104736980266327,Television
0.0,0.0,Television
0.13803340045540413,0.06939760615698343,Television
0.1323532332492834,0.10836815248794252,Television
0.15846288568308875,0.22944592611045955,Television
0.10748615458500277,0.19454287494904532,Television
0.10594689389155376,0.08309466284878508,Television
0.0,0.0,Television
0.1323166155198574,0.14151349560910098,Television
0.09640282169286407,0.15578818830318042,Television
0.08252966442943965,0.06789694004892,Television
0.08085842158543532,0.05122194994259821,Television
0.1255336408420935,0.20590692270711408,Television
0.10199608318420095,0.0710023871403842,Television
0.14995068222783026,0.042852770348550395,Television
0.16613480824778915,0.10739038686430968,Television
0.15784282339771605,0.33568003439697836,Television
0.22395267080704773,0.21955895769163436,Television
0.12556924326749674,0.029904220644622836,Television
0.17342199390482405,0.1883294461723033,Television
0.18200211528132093,0.2580392950524675,Television
0.18311934735248658,0.2114320234081537,Television
0.12530953410991108,0.18502270084779093,Television
0.26748188481550195,0.32446650765350094,Television
0.08495907904857469,0.0,Television
0.1530118429629147,0.13847068930034367,Television
0.03141404312187712,0.028428676634208894,Television
0.15969770100003944,0.1140956613946642,Television
0.13985197121953563,0.1476550108350343,Television
0.10169915072537206,0.09203438916564732,Television
0.13802954493537056,0.06870171108000611,Television
0.049135451684752085,0.026679581392351714,Television
0.02993086472078499,0.08125934677318303,Television
0.15129959109349977,0.18736579465153425,Television
0.08166090692634431,0.08061865861566186,Television
0.15696824903888817,0.1049942963125281,Television
0.07040710434833453,0.07079568397357483,Television
0.0892217816219194,0.06606227469540416,Television
0.0,0.0,Television
0.10134913348955277,0.08337966824563381,Television
0.15907119074394438,0.13243786391515266,Television
0.1693891953185389,0.15918748783984515,Television
0.10197031962646785,0.24607943495851858,Television
0.13465042180736497,0.1717036547324261,Television
0.13736938013328448,0.07695676517497141,Television
0.12444674903521002,0.20412414523193156,Television
0.10111298359110821,0.042232581772123745,Television
0.11431163823167223,0.1637931034482758,Television
0.20530251534508182,0.3835706411883073,Television
0.15450145751085875,0.11068983702997048,Television
0.1778104084506401,0.08323064280346415,Television
0.12207358757861475,0.15117301096006375,Television
0.15183488498819908,0.14313081355497081,Television
0.20126067247549684,0.21524962060695718,Television
0.11426393028697268,0.15206632608822024,Television
0.1323532332492834,0.13688608735319052,Television
0.07963802716707413,0.06606398091529142,Television
0.08102087035627314,0.05640094230969506,Television
0.25218708602906825,0.3603489868106806,Television
0.2097515281102279,0.21354551962390278,Television
0.2197609941270745,0.3238845490060476,Television
0.09182064137267987,0.06391897142214231,Television
0.13784048752090217,0.09847982464479188,Television
0.1374091842902324,0.06839293778203115,Television
0.0,0.0,Television
0.10053683654458367,0.0,Television
0.18301910183015302,0.15494070645429592,Television
0.20957133675806583,0.4022988505747127,Television
0.13245323570650436,0.0,Television
0.20079417916679732,0.2677863016259727,Television
0.08166090692634431,0.04030932930783093,Television
0.14179499323255418,0.15533450554067896,Television
0.09772453576069551,0.0471666630636578,Television
0.13300859762110206,0.09629472772211467,Television
0.16754156331667813,0.08339078479367934,Television
0.19324136290951888,0.2498244039272952,Television
0.1491568273188688,0.20860858692482986,Television
0.17561555046780564,0.1537996468490741,Spider
0.06453105295774852,0.17519544653485697,Spider
0.09101100256803196,0.10981595511806364,Spider
0.13087986749859504,0.15228254423617682,Spider
0.0656217958889711,0.06598396520540795,Spider
0.2331176948434477,0.2589101828021074,Spider
0.07012419694044603,0.06346009366954708,Spider
0.04644385776475157,0.050436197935431526,Spider
0.17235665748388718,0.1936267581027149,Spider
0.07385153777580833,0.08019985755626835,Spider
0.22686155560943733,0.13871773800577358,Spider
0.08896360576089646,0.07245822556236359,Spider
0.14299535272655328,0.16922335476247652,Spider
0.15846288568308875,0.09177837044418391,Spider
0.0,0.0,Spider
0.08065689196727488,0.20072755043645074,Spider
0.0,0.007791603306039119,Spider
0.08303700885051968,0.09826753764506824,Spider
0.1327924250857102,0.103005240524921,Spider
0.10617950299603718,0.21963191023612716,Spider
0.06274810137842435,0.05678496959391677,Spider
0.0834267523540293,0.05490797755903176,Spider
0.14526003741187565,0.1001566171672269,Spider
0.011692108443873361,0.0,Spider
0.0,0.0,Spider
0.09094326083734472,0.059855027126210936,Spider
0.049930699897395514,0.03765470207054866,Spider
0.12926112238824694,0.1520701880411126,Spider
0.0,0.008371792386677401,Spider
0.054376743907134095,0.03936733295894779,Spider
0.0,0.0,Spider
0.027640672769878027,0.041689834122816904,Spider
0.009872481295984836,0.008934271123648307,Spider
0.09701762694858973,0.09455143815519595,Spider
0.26441437570163107,0.19633749357631047,Spider
0.12064629117763281,0.1348705588540473,Spider
0.19707757051862063,0.21401846947466363,Spider
0.010208866166750874,0.018477376753478714,Spider
0.030476098333931168,0.08273960227720378,Spider
0.0732841680060824,0.02652790545386452,Spider
0.0693687975619296,0.06277648205743447,Spider
0.1343974195943154,0.08108349859743813,Spider
0.09288771552950315,0.03362413195695435,Spider
0.11576417741089284,0.07395019488212973,Spider
0.11551002962373003,0.030744935496455073,Spider
0.09584676765970457,0.05782544988262073,Spider
0.014656833601216501,0.05305581090772915,Spider
0.03908981430427816,0.0825416603614012,Spider
0.13895833924933265,0.14147182158062355,Spider
0.06323264989746913,0.049048688639528604,Spider
0.13083240086888692,0.14332513323892604,Spider
0.08852554743185925,0.1047627760830171,Spider
0.06186882248897463,0.0489905947086372,Spider
0.03519076715388936,0.039808109706155115,Spider
0.10552381819781986,0.07759016487165427,Spider
0.08733184734126387,0.050293378399140054,Spider
0.16073991593304593,0.11313893217116633,Spider
0.09772453576069551,0.11791665765914461,Spider
0.10697999430034377,0.23127640551157613,Spider
0.15224476129243625,0.1059819273830247,Spider
0.01813690625275033,0.0,Spider
0.10471347707292389,0.05685735326841779,Spider
0.20064082189200527,0.18805811245074378,Spider
0.0476298492631968,0.07758620689655171,Spider
0.06428866125856969,0.06545151636355062,Spider
0.14055816840001556,0.2187848997293711,Spider
0.1498537298530711,0.15821481751152244,Spider
0.20858299304727212,0.16456065719075286,Spider
0.0,0.0,Spider
0.15061880828219443,0.10904405724718547,Spider
0.0,0.0,Spider
0.02961744388795462,0.04020422005641733,Spider
0.21118135888199618,0.18621187697228203,Spider
0.0,0.0,Spider
0.1294546358964508,0.15062424568615218,Spider
0.03191669972854294,0.0,Spider
0.049051147158797326,0.033292257121385616,Spider
0.23369506908606286,0.19601174585355474,Spider
0.0,0.0,Spider
0.06629485756002462,0.019998222459224113,Spider
0.0,0.0,Spider
0.07615914142616897,0.13018509351601792,Spider
0.09333506177640749,0.0563101090294984,Spider
0.18108466682951585,0.1953902246825,Spider
0.1048757640551139,0.1008409398223985,Spider
0.07344568462219903,0.0996988962962474,Spider
0.07721695794343064,0.03105724856922487,Spider
0.09369842739743561,0.08479399748963046,Spider
0.07046448252078175,0.10202886549856949,Spider
0.02582945721257457,0.03895801653019537,Spider
0.0,0.0,Spider
0.10081338890712932,0.1107826903647735,Spider
0.1392916506702806,0.1205737415595558,Spider
0.0947056940386296,0.0857055406971009,Spider
0.10943853240352497,0.09321249434102774,Spider
0.0,0.0,Spider
0.10140479656031864,0.09176800831992915,Spider
0.02308631661086058,0.020892357824136787,Spider
0.16827411535533643,0.1917632038529633,Spider
0.06312099266256299,0.08885710392434287,Spider
0.09387613913111259,0.07079568397357483,Man
0.10320433015751762,0.14593207357113036,Man
0.1256561724875087,0.06949232066139943,Man
0.08705715001320136,0.17069836271763927,Man
0.11846977555181848,0.22782391365303134,Man
0.0879043976508298,0.15910118196788303,Man
0.17910946513585801,0.12831980892490868,Man
0.12426648259379103,0.16537806302027747,Man
0.1289833855020034,0.1296952499660302,Man
0.06475654681309206,0.033487169546709494,Man
0.10282659320757781,0.08685104172245639,Man
0.14661780220864984,0.09649766731017062,Man
0.1025978352085154,0.06808829066491906,Man
0.06578813784377169,0.08599659277054428,Man
0.047923383829852284,0.05059726864729308,Man
0.09643299188785448,0.09454107919179533,Man
0.13709102244070404,0.11815511423769232,Man
0.15696824903888817,0.13587497169856577,Man
0.09338270844946672,0.07150700803019727,Man
0.044310922665484975,0.013366642926044725,Man
0.1620417407125463,0.1917632038529633,Man
0.16591255659807114,0.16215704406480624,Man
0.10233710331253376,0.15876294049946638,Man
0.1112037839174208,0.11247527217880426,Man
0.09575797952794773,0.1176070475121328,Man
0.12366826586120916,0.0808280173787641,Man
0.12501993461459127,0.1939524551505708,Man
0.11114765480922506,0.14700880939016603,Man
0.2156968999792468,0.22447839669122516,Man
0.03912927904356145,0.06196874528219476,Man
0.1371564113999736,0.078392870405541,Man
0.07661274365864124,0.1323611199462097,Man
0.08352403360642058,0.10465823835696719,Man
0.09779689751497256,0.14977427089118578,Man
0.04550550128401598,0.03431748597439488,Man
0.1898622298816972,0.19264563336963259,Man
0.17146745734750835,0.1839080459770115,Man
0.09271726499455313,0.08390607775994219,Man
0.13578836587398446,0.17631183837902642,Man
0.14026887258347331,0.1332856558865143,Man
0.15419821588877647,0.13954431780928966,Man
0.17593537810527682,0.1756863285463608,Man
0.09291103169491988,0.08408143025582548,Man
0.18872030673700957,0.2447928015399271,Man
0.2067975344647104,0.31710675895247553,Man
0.1758087953016596,0.10796151633534923,Man
0.0575008067771835,0.05947010334500524,Man
0.040835464667003496,0.018477376753478714,Man
0.1839418018454897,0.022194838080923818,Man
0.030420230095688172,0.07570559839199054,Man
0.1555743087940583,0.11912969256239914,Man
0.06049266897545613,0.0973224486964609,Man
0.19109970060904646,0.15062424568615218,Man
0.04489629708117748,0.03385806115549295,Man
0.16437765914441316,0.13773738835039373,Man
0.11633501014942216,0.09943050756534277,Man
0.181835793317358,0.18512484423843567,Man
0.07777921814700628,0.1407752725737459,Man
0.10305688821767434,0.11813325616896286,Man
0.10363946430143023,0.018758061837103268,Man
0.18839850889345677,0.14299535272655328,Man
0.16023631197601773,0.12211250217453273,Man
0.10670819872958859,0.22532396364826457,Man
0.11502783371283676,0.1318554516982685,Man
0.03571998131845466,0.09697622757528535,Man
0.08523286029710309,0.10468041514629922,Man
0.10466238486345492,0.07695676517497141,Man
0.09935576920510936,0.0899137059026982,Man
0.19205719177443137,0.08390607775994219,Man
0.06449169275100164,0.07133238748131665,Man
0.12977713690461,0.08808303292720554,Man
0.018066471399276862,0.016349562879842905,Man
0.07042381820123422,0.05462677805469218,Man
0.0,0.0,Man
0.09772453576069551,0.0825416603614012,Man
0.05863954716083741,0.022742941307367093,Man
0.19368004988250087,0.10641640574017852,Man
0.1685679061121157,0.20175758141460753,Man
0.1236404509915604,0.09214515456396533,Man
0.1459248465483991,0.17607625393633597,Man
0.13157627568754338,0.1455326954578442,Man
0.09933992677987824,0.08989936902850948,Man
0.13920485060019283,0.13297447135201534,Man
0.12977713690461,0.1585494592689699,Man
0.14759604986302666,0.1976829703037568,Man
0.2237352409783031,0.09816874678815524,Man
0.08955473256792901,0.060783067385483114,Man
0.13764944032233706,0.18981823966569134,Man
0.03408114582738442,0.06168463386206313,Man
0.13813548202273251,0.13637244168675688,Man
0.11274317203325068,0.0892752573112483,Man
0.05505977612893487,0.041522739926869945,Man
0.0982299486257503,0.09697622757528535,Man
0.19144558270311962,0.20119582530445312,Man
0.13649412959903318,0.11117043138973559,Man
0.14391077918725048,0.1539135303499427,Man
0.1293834924004097,0.12325032480354958,Man
0.11695668950003857,0.1389175729370331,Man
0.14387650958298515,0.2094578249634167,Man
0.11106541457982977,0.1474154735401968,Man
0.12241625795865707,0.0,Lobster
0.19165831867144245,0.12559772670741576,Lobster
0.10936965981495184,0.12536953389027516,Lobster
0.1323532332492834,0.19962554405673627,Lobster
0.13212064701912052,0.3742899449930859,Lobster
0.11437327837539779,0.051752029083199425,Lobster
0.05985386892949596,0.048147363861057335,Lobster
0.16027716825274863,0.22314703064615138,Lobster
0.09160382727701621,0.051014432749284744,Lobster
0.08209183818726828,0.006753674153942568,Lobster
0.15630781478860523,0.06062290092161915,Lobster
0.039577974178831465,0.057306825506125314,Lobster
0.1758087953016596,0.09091496112450459,Lobster
0.10323708024175282,0.12456821978060995,Lobster
0.1450952500220024,0.08355863909255068,Lobster
0.17453368473679132,0.14741743222444925,Lobster
0.15485562036262923,0.10899719230803373,Lobster
0.18353258709644937,0.1764716446891974,Lobster
0.09640282169286407,0.09970444051403549,Lobster
0.1775200350562388,0.23320131925296073,Lobster
0.12120316220701788,0.03656162619223935,Lobster
0.2007306278137162,0.1976829703037568,Lobster
0.13338096789372544,0.14169763468775487,Lobster
0.09270355246545425,0.11616046389935497,Lobster
0.1730252802187976,0.20423764212434414,Lobster
0.18267828026834199,0.08265892005199083,Lobster
0.21700973078231756,0.3290803735708824,Lobster
0.18581599506041369,0.1732530467175848,Lobster
0.16273075180672403,0.11044948680133349,Lobster
0.14190595396658678,0.110908375914059,Lobster
0.14385190876172604,0.11933281239031057,Lobster
0.15389675281277315,0.09284766908852593,Lobster
0.14777329022674413,0.15117301096006375,Lobster
0.09538209664765318,0.07847060257179306,Lobster
0.20042584603123736,0.21247231309714198,Lobster
0.09471141280884332,0.08571071599620261,Lobster
0.13196537682708498,0.10350108523600332,Lobster
0.13300397918683549,0.16960414244380828,Lobster
0.15041184623500914,0.15313249992136468,Lobster
0.1725575199833974,0.1805587103820725,Lobster
0.045520428462138995,0.041194491774908415,Lobster
0.1049567142811979,0.13297532797794487,Lobster
0.178578769257849,0.21211039154262878,Lobster
0.20395079136182281,0.1476550108350343,Lobster
0.15502186154571973,0.11478247368589067,Lobster
0.1698114645184866,0.2119638547660495,Lobster
0.1456016922250567,0.120784350875623,Lobster
0.05842893338103583,0.05287626450141392,Lobster
0.10402997795672053,0.0882597292591063,Lobster
0.20479606795324257,0.2085004249648409,Lobster
0.15579616754090408,0.1309196678579987,Lobster
0.15411266178148908,0.16178159721845975,Lobster
0.12398068188494238,0.14425514049193067,Lobster
0.09597148699373936,0.13027656258368459,Lobster
0.04538167656120384,0.02053446293225225,Lobster
0.11519778822369897,0.12741692636740276,Lobster
0.15502186154571973,0.19768092690347827,Lobster
0.14360982444252646,0.14126322992100215,Lobster
0.17369792406166584,0.14671151867620214,Lobster
0.14076306861555743,0.1751556827070826,Lobster
0.013649412959903295,0.04940908061766025,Lobster
0.1981347774886293,0.1630049655691168,Lobster
0.15360665500004644,0.18131605388614647,Lobster
0.1520048734290751,0.17344447973881216,Lobster
0.08813812523387698,0.006135546674259751,Lobster
0.17106914096111858,0.14928295231962974,Lobster
0.15283903063756088,0.06915714991260136,Lobster
0.10858685772760268,0.13295019799038654,Lobster
0.0,0.0,Lobster
0.21287583350372108,0.15619916219159402,Lobster
0.17940848622210215,0.08470893075685759,Lobster
0.1886792761230368,0.11900656106431562,Lobster
0.21393127492027908,0.20812083115301094,Lobster
0.16040883439526255,0.13856632693135684,Lobster
0.06716604942594673,0.04052204492365541,Lobster
0.20648170195438786,0.2272611337956736,Lobster
0.16943474841747153,0.14822178304721934,Lobster
0.18045993869467047,0.1633103138833848,Lobster
0.15053820085344372,0.13623212448504485,Lobster
0.17647097766571118,0.14829326129928977,Lobster
0.21917021219255095,0.13222789281637803,Lobster
0.18892294382467412,0.22439688520966994,Lobster
0.24354363293702574,0.15305484999321906,Lobster
0.03214433062928479,0.07272390707061183,Lobster
0.020121090914638318,0.07283570407292295,Lobster
0.14867838833500557,0.09610646805481116,Lobster
0.15886285103889464,0.1232277079899261,Lobster
0.34580401903450975,0.14274514194391819,Lobster
0.12064629117763281,0.12844815128956888,Lobster
0.1479754132936415,0.19768092690347827,Lobster
0.17624204863381399,0.16480970406154705,Lobster
0.08931875130777445,0.0740946566819789,Lobster
0.08516208789009372,0.038534445386870675,Lobster
0.1704904268454186,0.14285947527577947,Lobster
0.15169048865936607,0.0895271133134472,Lobster
0.09618642900316265,0.11813325616896286,Lobster
0.13316840844727706,0.15719091286735942,Lobster
0.12689245413047323,0.19340379081188952,Lobster
0.09254070637940326,0.05583086534376924,Lobster
0.1289898062594308,0.16120069194155862,Lobster
0.08749572785196147,0.08577915476703035,Boy
0.13413264499451671,0.13655884003300311,Boy
0.07980515857266124,0.1203684096526434,Boy
0.08401972955236048,0.12867477449632603,Boy
0.10182154787540265,0.04607257728198266,Boy
0.13053872507572084,0.12435079596732934,Boy
0.14912022701586514,0.22318472710692616,Boy
0.19279207460120895,0.16356608587077826,Boy
0.10818318311102348,0.015061880828219465,Boy
0.117325113195065,0.08119293127637095,Boy
0.13325542895429954,0.1332856558865143,Boy
0.1860964721937286,0.1837212997756359,Boy
0.13141649203968975,0.151362408176537,Boy
0.11092670750922351,0.13175534505080533,Boy
0.08951690585765948,0.1744827708995621,Boy
0.11345419140300972,0.027379283909669705,Boy
0.09597148699373936,0.16129479177027617,Boy
0.07694837640638652,0.030949223029508643,Boy
0.10882143751650175,0.1641330410746532,Boy
0.13009724037537262,0.1893977347779009,Boy
0.10147651372376076,0.14081046199376146,Boy
0.18709017008611628,0.20208022095737999,Boy
0.11812963768203733,0.10690343988991824,Boy
0.07404360971988655,0.12731336351198808,Boy
0.1450952500220023,0.18054634518211854,Boy
0.10952216231963141,0.08495482076828986,Boy
0.1758087953016596,0.1420546267570384,Boy
0.09841842967266856,0.1017890793492171,Boy
0.1481893133639579,0.1645851990692826,Boy
0.08891812384738007,0.18569533817705186,Boy
0.13300859762110206,0.14444209158317212,Boy
0.14247019457784438,0.11134936523177352,Boy
0.050772760950779317,0.0,Boy
0.1334682178729687,0.10980395534147547,Boy
0.14662819647453895,0.1751556827070826,Boy
0.1493017805380319,0.18015093964441797,Boy
0.10082111495909363,0.1642316321752778,Boy
0.11759145885723266,0.08763704002132355,Boy
0.1309732648343338,0.08620109117803143,Boy
0.09214785982417295,0.06822882392210128,Boy
0.1449793129279624,0.13120151359977306,Boy
0.14850972306422072,0.07330713749983131,Boy
0.2028095931206373,0.1976541717660012,Boy
0.16157640298530862,0.17546560158589908,Boy
0.09886574781098645,0.1445288696574364,Boy
0.05964200519792273,0.046263475396547404,Boy
0.21081851067789192,0.16066006216767414,Boy
0.03627381250550055,0.06565321642986133,Boy
0.1430808730156139,0.17452122278052995,Boy
0.08153649149910347,0.061489870992910256,Boy
0.0961854705079832,0.09284766908852593,Boy
0.1561304944651718,0.20551704206331012,Boy
0.14794815531022953,0.20083232758153624,Boy
0.05818374164308726,0.1579631221096548,Boy
0.0834267523540293,0.06863497194878976,Boy
0.1623624219580172,0.1040772979953889,Boy
0.16558194545588212,0.19801107504456017,Boy
0.15087916942428736,0.22392673133115082,Boy
0.12784929044565474,0.22588931689464575,Boy
0.21459876881973805,0.1609125760866973,Boy
0.0693687975619296,0.04708236154307588,Boy
0.16579673806321626,0.17908071517817226,Boy
0.1600052895184899,0.1579631221096548,Boy
0.19950596878025317,0.20790185202789402,Boy
0.19245856565376251,0.16215704406480624,Boy
0.09491798102109827,0.09203320011389549,Boy
0.11493256424549747,0.09750955640481451,Boy
0.09360442759414034,0.12000431857221494,Boy
0.13136550874968211,0.1471865797040226,Boy
0.12304244077177473,0.14065182976645074,Boy
0.12328828005937953,0.12331624609808767,Boy
0.07901613791877948,0.18201783862232035,Boy
0.08377078165833907,0.06317483696490866,Boy
0.12004314826100315,0.08826602206359602,Boy
0.14414468597521712,0.15313249992136468,Boy
0.12683606853740703,0.06376804093660593,Boy
0.10895451991613447,0.12941284104372708,Boy
0.1858087154838961,0.14645390611538112,Boy
0.08000264475924501,0.07898156105482734,Boy
0.14190595396658678,0.16928120534251123,Boy
0.07755667343294814,0.13335385720528325,Boy
0.14659886790209342,0.183207027198235,Boy
0.05053130946314821,0.13065478400923491,Boy
0.1827168405143288,0.13868293975300805,Boy
0.0435111740164964,0.02362570952024312,Boy
0.08209183818726828,0.054029393231540546,Boy
0.10678721258619794,0.11894020669001049,Boy
0.14162633605162056,0.04660624717051387,Boy
0.20075345599605354,0.15237281558032167,Boy
0.023961691914926142,0.0,Boy
0.0323433686341742,0.02195226426111352,Boy
0.18616926371924403,0.14215252393071887,Boy
0.0961385393168468,0.0797520337027895,Boy
0.16526198004490977,0.1744827708995621,Boy
0.12091270835166856,0.15319083833634295,Boy
0.16428324347944712,0.14159136794714977,Boy
0.17292861596651865,0.18153386861559873,Boy
0.15175125995738692,0.19014909661127066,Boy
0.14387650958298515,0.0849153344446284,Boy
0.13112201362143716,0.16951587590520256,Boy
